{"type":"FeatureCollection","features":[{"type":"Feature","geometry":{"type":"MultiPolygon","coordinates":[[[[-122.753,48.9925],[-122.7775,48.965],[-122.746,48.9175],[-122.7725,48.8865],[-122.714,48.838],[-122.696,48.801],[-122.6495,48.7635],[-122.67,48.743],[-122.6395,48.7225],[-122.5935,48.774],[-122.53,48.7685],[-122.499,48.7395],[-122.525,48.6925],[-122.5025,48.685],[-122.484,48.635],[-122.458,48.6235],[-122.4405,48.5805],[-122.4945,48.5295],[-122.481,48.464],[-122.5005,48.4505],[-122.5685,48.4895],[-122.597,48.4745],[-122.633,48.5165],[-122.705,48.4865],[-122.6695,48.473],[-122.6835,48.43],[-122.6465,48.404],[-122.6155,48.41],[-122.5845,48.438],[-122.534,48.3745],[-122.4915,48.365],[-122.392,48.31],[-122.3755,48.2805],[-122.401,48.2355],[-122.43,48.259],[-122.534,48.2495],[-122.526,48.171],[-122.4895,48.1305],[-122.4055,48.088],[-122.384,48.1015],[-122.458,48.1435],[-122.4695,48.177],[-122.436,48.2345],[-122.3755,48.213],[-122.3655,48.1905],[-122.3625,48.1225],[-122.3075,48.0655],[-122.2075,48.0145],[-122.213,47.987],[-122.277,47.9675],[-122.3205,47.942],[-122.3395,47.873],[-122.382,47.839],[-122.406,47.778],[-122.381,47.72],[-122.4135,47.6675],[-122.4135,47.6415],[-122.3595,47.6235],[-122.409,47.575],[-122.3665,47.4855],[-122.367,47.442],[-122.3335,47.404],[-122.3235,47.3725],[-122.3395,47.3465],[-122.4095,47.325],[-122.4295,47.305],[-122.4005,47.281],[-122.4485,47.2685],[-122.5375,47.316],[-122.537,47.2785],[-122.5715,47.2095],[-122.6525,47.128],[-122.7225,47.0895],[-122.748,47.12],[-122.798,47.1575],[-122.8455,47.1315],[-122.853,47.165],[-122.901,47.1305],[-122.908,47.0825],[-122.979,47.1015],[-122.9345,47.16],[-123.0295,47.1215],[-123.0215,47.1445],[-122.965,47.181],[-122.9205,47.278],[-122.846,47.316],[-122.82,47.3835],[-122.7915,47.3645],[-122.7865,47.296],[-122.815,47.2745],[-122.7985,47.205],[-122.773,47.173],[-122.743,47.1915],[-122.7505,47.213],[-122.7235,47.2385],[-122.7475,47.2675],[-122.7485,47.2955],[-122.726,47.339],[-122.6885,47.3645],[-122.628,47.38],[-122.6865,47.301],[-122.5835,47.264],[-122.557,47.2845],[-122.586,47.3365],[-122.5375,47.3705],[-122.556,47.392],[-122.508,47.5205],[-122.534,47.5275],[-122.553,47.5835],[-122.63,47.5445],[-122.639,47.575],[-122.6815,47.5905],[-122.696,47.61],[-122.6815,47.6515],[-122.644,47.596],[-122.617,47.574],[-122.592,47.597],[-122.6285,47.693],[-122.5795,47.698],[-122.541,47.743],[-122.493,47.7355],[-122.4685,47.7565],[-122.51,47.8325],[-122.528,47.9055],[-122.613,47.946],[-122.5885,47.9045],[-122.5955,47.847],[-122.635,47.8395],[-122.734,47.7425],[-122.7635,47.669],[-122.798,47.6515],[-122.8735,47.631],[-122.949,47.597],[-123.0225,47.523],[-123.0635,47.4565],[-123.1135,47.391],[-123.092,47.3675],[-123.052,47.367],[-122.9765,47.391],[-122.8675,47.4365],[-122.905,47.395],[-123.074,47.3445],[-123.13,47.3405],[-123.1615,47.357],[-123.1195,47.4495],[-123.065,47.4935],[-123.021,47.5655],[-122.942,47.635],[-122.91,47.65],[-122.862,47.7335],[-122.839,47.7465],[-122.839,47.782],[-122.8,47.7775],[-122.8285,47.683],[-122.781,47.692],[-122.7685,47.738],[-122.7365,47.7945],[-122.692,47.8325],[-122.668,47.871],[-122.626,47.8895],[-122.678,47.9355],[-122.6885,47.973],[-122.7225,47.9935],[-122.792,48.083],[-122.7505,48.117],[-122.795,48.141],[-122.8685,48.1195],[-122.877,48.0795],[-122.825,48.035],[-122.8415,48.0055],[-122.887,48.0625],[-122.919,48.07],[-122.9275,48.095],[-122.999,48.0915],[-122.997,48.0385],[-123.0455,48.0595],[-123.0405,48.085],[-123.063,48.1175],[-123.112,48.149],[-123.1615,48.152],[-123.247,48.1155],[-123.4215,48.118],[-123.4535,48.1315],[-123.5235,48.135],[-123.5525,48.1515],[-123.5845,48.1355],[-123.7005,48.165],[-123.789,48.153],[-123.8185,48.161],[-123.971,48.1655],[-124.05,48.1775],[-124.1115,48.216],[-124.2275,48.2585],[-124.274,48.257],[-124.399,48.2935],[-124.575,48.3705],[-124.6195,48.369],[-124.638,48.383],[-124.6965,48.391],[-124.7305,48.3715],[-124.6615,48.3195],[-124.6825,48.2635],[-124.7055,48.246],[-124.6895,48.2135],[-124.7345,48.1705],[-124.6895,48.1],[-124.694,48.0745],[-124.672,47.9905],[-124.638,47.908],[-124.6095,47.875],[-124.568,47.8695],[-124.5415,47.8345],[-124.4835,47.813],[-124.4765,47.7785],[-124.423,47.742],[-124.411,47.688],[-124.3835,47.636],[-124.351,47.547],[-124.3485,47.5],[-124.318,47.3575],[-124.2995,47.348],[-124.276,47.3025],[-124.2535,47.3015],[-124.2115,47.2265],[-124.1795,47.107],[-124.172,47.042],[-124.1785,46.9255],[-124.1235,46.9465],[-124.148,47.0245],[-124.117,47.043],[-124.0275,47.028],[-124.013,46.9835],[-123.965,46.984],[-123.95,46.9685],[-123.868,46.9695],[-123.8815,46.9415],[-124.047,46.891],[-124.0145,46.851],[-124.058,46.8445],[-124.0975,46.878],[-124.1305,46.886],[-124.1015,46.8085],[-124.0935,46.743],[-123.9725,46.7015],[-123.982,46.7205],[-123.913,46.728],[-123.9,46.7475],[-123.84,46.7175],[-123.8435,46.6965],[-123.911,46.682],[-123.9225,46.658],[-123.911,46.6055],[-123.9445,46.606],[-123.8965,46.5445],[-123.9005,46.5135],[-123.935,46.4945],[-123.936,46.4725],[-123.898,46.4415],[-123.948,46.403],[-123.958,46.378],[-124.0145,46.385],[-124.026,46.4925],[-124.018,46.5685],[-124.0625,46.596],[-124.061,46.44],[-124.064,46.3565],[-124.08,46.2715],[-124.023,46.3145],[-123.985,46.309],[-123.925,46.2515],[-123.873,46.24],[-123.8065,46.2835],[-123.7645,46.2735],[-123.7475,46.291],[-123.693,46.305],[-123.6625,46.2705],[-123.603,46.26],[-123.479,46.276],[-123.4445,46.258],[-123.3935,46.204],[-123.298,46.1515],[-123.3855,46.146],[-123.43,46.1765],[-123.437,46.1985],[-123.485,46.23],[-123.5195,46.2355],[-123.614,46.1865],[-123.727,46.1705],[-123.767,46.204],[-123.821,46.1895],[-123.867,46.16],[-123.9005,46.1685],[-123.951,46.205],[-123.9905,46.2005],[-123.937,46.082],[-123.9235,46.014],[-123.934,45.9795],[-123.9905,45.938],[-123.9695,45.9185],[-123.9565,45.873],[-123.959,45.8155],[-123.981,45.7605],[-123.9415,45.727],[-123.9205,45.6625],[-123.942,45.6485],[-123.958,45.576],[-123.9005,45.5385],[-123.8835,45.5],[-123.913,45.4835],[-123.9585,45.516],[-123.971,45.452],[-123.9185,45.4175],[-123.981,45.3495],[-123.9605,45.3],[-123.9765,45.2165],[-123.971,45.1535],[-123.9845,45.105],[-124.0155,45.0545],[-124.005,45.0435],[-124.015,44.9675],[-124.0345,44.8785],[-124.065,44.8235],[-124.0735,44.7775],[-124.0595,44.746],[-124.067,44.6895],[-124.0455,44.6215],[-124.063,44.6095],[-124.0845,44.498],[-124.0845,44.4115],[-124.1005,44.3275],[-124.1135,44.3015],[-124.114,44.1905],[-124.1335,44.0445],[-124.1195,44.0065],[-124.14,43.982],[-124.151,43.8815],[-124.176,43.7625],[-124.21,43.6565],[-124.238,43.547],[-124.3255,43.3625],[-124.277,43.4215],[-124.2085,43.452],[-124.1865,43.3915],[-124.213,43.3745],[-124.2225,43.425],[-124.253,43.4175],[-124.3085,43.355],[-124.3765,43.34],[-124.4015,43.31],[-124.3865,43.263],[-124.445,43.03],[-124.4925,42.93],[-124.5475,42.8455],[-124.515,42.7485],[-124.473,42.7305],[-124.4545,42.687],[-124.4145,42.6625],[-124.3945,42.5665],[-124.4205,42.491],[-124.433,42.3295],[-124.4095,42.296],[-124.4125,42.249],[-124.379,42.2205],[-124.364,42.175],[-124.3595,42.113],[-124.293,42.0465],[-124.275,42.0455],[-124.217,42.006],[-124.202,41.9605],[-124.219,41.85],[-124.234,41.813],[-124.263,41.7765],[-124.201,41.7395],[-124.1595,41.7365],[-124.14,41.6645],[-124.103,41.6025],[-124.103,41.5665],[-124.0685,41.5395],[-124.082,41.5215],[-124.062,41.436],[-124.091,41.2895],[-124.1245,41.182],[-124.1435,41.145],[-124.163,41.139],[-124.147,41.06],[-124.1115,41.0415],[-124.1105,41.0155],[-124.155,40.8615],[-124.0845,40.8485],[-124.0875,40.825],[-124.122,40.8075],[-124.1755,40.8035],[-124.203,40.745],[-124.2205,40.737],[-124.214,40.7015],[-124.274,40.7],[-124.3115,40.646],[-124.386,40.5095],[-124.409,40.444],[-124.366,40.3775],[-124.365,40.3445],[-124.3485,40.319],[-124.3635,40.2615],[-124.3195,40.2245],[-124.22,40.165],[-124.1855,40.1295],[-124.116,40.107],[-124.0875,40.0775],[-124.0805,40.0355],[-124.0335,40.012],[-123.979,39.963],[-123.9555,39.9245],[-123.9305,39.908],[-123.9075,39.866],[-123.854,39.8335],[-123.824,39.718],[-123.796,39.692],[-123.7865,39.655],[-123.787,39.597],[-123.77,39.5445],[-123.8165,39.444],[-123.825,39.3475],[-123.806,39.324],[-123.768,39.194],[-123.7355,39.159],[-123.695,39.059],[-123.689,39.028],[-123.725,38.9605],[-123.7115,38.9145],[-123.663,38.8725],[-123.6485,38.8495],[-123.594,38.806],[-123.5375,38.7725],[-123.5235,38.7465],[-123.4925,38.7365],[-123.4335,38.687],[-123.401,38.643],[-123.3415,38.5865],[-123.337,38.5675],[-123.2525,38.5105],[-123.171,38.479],[-123.1285,38.4495],[-123.087,38.3915],[-123.0685,38.3465],[-123.076,38.3225],[-123.0625,38.296],[-123.0295,38.3125],[-122.9745,38.266],[-122.969,38.237],[-122.9355,38.2155],[-122.8505,38.1105],[-122.869,38.1105],[-122.965,38.1985],[-122.9495,38.144],[-123.016,38.0005],[-122.9975,37.994],[-122.9635,38.0255],[-122.921,38.035],[-122.8215,37.9975],[-122.78,37.948],[-122.7485,37.9325],[-122.7275,37.903],[-122.6725,37.9065],[-122.5735,37.856],[-122.5285,37.8165],[-122.4775,37.825],[-122.478,37.8595],[-122.439,37.882],[-122.5035,37.925],[-122.4805,37.942],[-122.4925,37.97],[-122.454,37.998],[-122.506,38.017],[-122.4825,38.077],[-122.4875,38.105],[-122.4105,38.134],[-122.3965,38.153],[-122.3005,38.108],[-122.2715,38.0745],[-122.1845,38.065],[-122.1585,38.0435],[-122.121,38.06],[-122.0755,38.1005],[-122.055,38.1335],[-122.0005,38.1375],[-121.986,38.1105],[-122.015,38.0985],[-121.9715,38.075],[-121.9085,38.079],[-121.8825,38.057],[-121.846,38.0725],[-121.78,38.0615],[-121.785,38.0435],[-121.742,38.0295],[-121.6995,38.051],[-121.6805,38.0925],[-121.627,38.1055],[-121.5715,38.097],[-121.5485,38.064],[-121.4865,38.0445],[-121.4805,38.0225],[-121.5695,38.066],[-121.584,38.0285],[-121.605,38.018],[-121.632,38.044],[-121.6205,38.062],[-121.585,38.0625],[-121.582,38.092],[-121.671,38.084],[-121.69,38.009],[-121.751,38.0195],[-121.837,38.023],[-121.888,38.041],[-122.004,38.056],[-122.082,38.048],[-122.148,38.0235],[-122.186,38.048],[-122.227,38.0585],[-122.2755,38.039],[-122.299,38.011],[-122.336,38.004],[-122.395,37.9705],[-122.4295,37.9645],[-122.41,37.932],[-122.365,37.9035],[-122.329,37.908],[-122.2955,37.8315],[-122.3285,37.8045],[-122.3315,37.7825],[-122.249,37.7485],[-122.252,37.723],[-122.2145,37.699],[-122.192,37.7005],[-122.163,37.6645],[-122.1465,37.579],[-122.0935,37.5035],[-122.0625,37.5015],[-122.0385,37.4515],[-122.1,37.455],[-122.134,37.498],[-122.183,37.5075],[-122.1995,37.535],[-122.2395,37.547],[-122.258,37.5715],[-122.3585,37.593],[-122.3835,37.6315],[-122.375,37.655],[-122.3925,37.7105],[-122.3545,37.73],[-122.383,37.764],[-122.388,37.791],[-122.419,37.811],[-122.4635,37.8055],[-122.515,37.781],[-122.4945,37.665],[-122.503,37.6015],[-122.519,37.5895],[-122.5205,37.5315],[-122.501,37.5015],[-122.463,37.4965],[-122.4445,37.4375],[-122.4005,37.3595],[-122.41,37.269],[-122.4185,37.2525],[-122.4045,37.1945],[-122.3695,37.174],[-122.3595,37.1505],[-122.281,37.0965],[-122.254,37.059],[-122.1535,36.977],[-122.106,36.956],[-122.061,36.949],[-122.021,36.9625],[-121.974,36.955],[-121.937,36.9785],[-121.9055,36.969],[-121.86,36.9275],[-121.79,36.806],[-121.8145,36.683],[-121.838,36.6355],[-121.87,36.607],[-121.9375,36.639],[-121.978,36.575],[-121.9345,36.561],[-121.9275,36.524],[-121.9465,36.492],[-121.904,36.3845],[-121.8955,36.314],[-121.8455,36.2725],[-121.8355,36.249],[-121.729,36.198],[-121.678,36.1625],[-121.63,36.113],[-121.618,36.0845],[-121.5665,36.02],[-121.5065,36.0035],[-121.49,35.982],[-121.463,35.8865],[-121.387,35.8215],[-121.337,35.7865],[-121.323,35.7645],[-121.3145,35.7135],[-121.269,35.664],[-121.1695,35.637],[-121.131,35.6005],[-121.102,35.5495],[-121.0055,35.4605],[-120.946,35.4465],[-120.908,35.448],[-120.871,35.4055],[-120.8665,35.371],[-120.8315,35.336],[-120.868,35.3305],[-120.8955,35.2735],[-120.8975,35.25],[-120.85,35.203],[-120.791,35.179],[-120.7065,35.174],[-120.645,35.1395],[-120.6305,35.074],[-120.6335,35.035],[-120.673,34.9075],[-120.6445,34.895],[-120.6155,34.858],[-120.619,34.819],[-120.64,34.7585],[-120.603,34.705],[-120.606,34.6795],[-120.648,34.5855],[-120.6215,34.5525],[-120.578,34.5535],[-120.51,34.5215],[-120.4725,34.4505],[-120.425,34.4515],[-120.293,34.4685],[-120.1335,34.4725],[-120.0915,34.459],[-120.01,34.461],[-119.957,34.436],[-119.9215,34.4335],[-119.8785,34.4065],[-119.7875,34.417],[-119.733,34.3975],[-119.6875,34.411],[-119.617,34.4205],[-119.563,34.415],[-119.537,34.3955],[-119.453,34.3685],[-119.3915,34.3185],[-119.371,34.3195],[-119.3385,34.2905],[-119.2695,34.255],[-119.26,34.217],[-119.217,34.1455],[-119.1935,34.1415],[-119.1285,34.1005],[-119.0895,34.1005],[-119.008,34.066],[-118.937,34.043],[-118.8525,34.0335],[-118.807,33.9995],[-118.7835,34.022],[-118.7485,34.032],[-118.6755,34.038],[-118.544,34.039],[-118.4825,33.999],[-118.4445,33.9495],[-118.3915,33.836],[-118.3955,33.8055],[-118.4275,33.7735],[-118.412,33.7415],[-118.3625,33.7355],[-118.301,33.71],[-118.2545,33.7655],[-118.2215,33.771],[-118.1855,33.7575],[-118.1525,33.759],[-118.0905,33.731],[-117.9785,33.636],[-117.93,33.608],[-117.8805,33.593],[-117.7765,33.5295],[-117.735,33.485],[-117.6545,33.442],[-117.5965,33.3905],[-117.509,33.335],[-117.362,33.166],[-117.322,33.1085],[-117.298,33.036],[-117.275,32.9935],[-117.2535,32.885],[-117.26,32.854],[-117.2835,32.8375],[-117.2575,32.784],[-117.2575,32.7015],[-117.21,32.7255],[-117.133,32.69],[-117.1025,32.6205],[-117.1315,32.631],[-117.168,32.699],[-117.206,32.7135],[-117.224,32.6845],[-117.1665,32.6695],[-117.137,32.616],[-117.125,32.5315],[-116.8235,32.554],[-116.5295,32.5765],[-116.088,32.6095],[-115.794,32.632],[-115.2795,32.671],[-114.7245,32.713],[-114.751,32.652],[-114.7815,32.628],[-114.8025,32.5945],[-114.7955,32.552],[-114.822,32.5],[-114.371,32.3605],[-113.9615,32.234],[-113.5525,32.1075],[-113.143,31.981],[-112.734,31.8545],[-112.3245,31.728],[-111.9155,31.6015],[-111.506,31.475],[-111.067,31.3335],[-111.0065,31.327],[-110.5215,31.327],[-109.9665,31.327],[-109.582,31.3275],[-108.9835,31.3275],[-108.5995,31.3275],[-108.215,31.3275],[-108.215,31.778],[-107.801,31.777],[-107.2835,31.7755],[-106.921,31.7745],[-106.517,31.774],[-106.473,31.755],[-106.429,31.7585],[-106.392,31.746],[-106.3585,31.7175],[-106.3125,31.6485],[-106.2865,31.58],[-106.2325,31.52],[-106.209,31.4775],[-106.1645,31.448],[-106.0995,31.429],[-106.0655,31.411],[-106.0045,31.397],[-105.961,31.371],[-105.928,31.3265],[-105.862,31.2885],[-105.785,31.211],[-105.768,31.18],[-105.668,31.128],[-105.644,31.1035],[-105.591,31.0715],[-105.556,31.0025],[-105.531,30.9915],[-105.4965,30.9565],[-105.4155,30.9025],[-105.364,30.8505],[-105.277,30.8195],[-105.249,30.799],[-105.2295,30.81],[-105.1675,30.781],[-105.1335,30.758],[-105.087,30.71],[-105.0085,30.677],[-104.983,30.6205],[-104.941,30.614],[-104.8865,30.552],[-104.8795,30.511],[-104.8525,30.439],[-104.8535,30.412],[-104.8185,30.3805],[-104.813,30.3505],[-104.789,30.336],[-104.7495,30.2645],[-104.715,30.244],[-104.6815,30.193],[-104.6845,30.111],[-104.6985,30.0755],[-104.699,30.0315],[-104.6805,29.9765],[-104.6805,29.9425],[-104.6375,29.888],[-104.6195,29.833],[-104.5705,29.7875],[-104.5615,29.7455],[-104.537,29.702],[-104.531,29.668],[-104.455,29.6135],[-104.444,29.589],[-104.349,29.5375],[-104.267,29.5265],[-104.2125,29.4845],[-104.1945,29.449],[-104.14,29.4005],[-104.1055,29.3855],[-104.0575,29.339],[-104.019,29.3205],[-103.928,29.293],[-103.864,29.2815],[-103.794,29.2775],[-103.7695,29.2575],[-103.7775,29.2355],[-103.7495,29.223],[-103.673,29.1735],[-103.5415,29.149],[-103.5295,29.127],[-103.4785,29.082],[-103.4145,29.0525],[-103.372,29.0235],[-103.3425,29.041],[-103.3015,29.0025],[-103.242,29.0035],[-103.148,28.985],[-103.123,28.9965],[-103.1045,29.058],[-103.081,29.085],[-103.016,29.127],[-102.9885,29.177],[-102.9425,29.19],[-102.897,29.2205],[-102.859,29.229],[-102.892,29.2545],[-102.8995,29.276],[-102.883,29.344],[-102.8375,29.3665],[-102.841,29.4385],[-102.7955,29.5445],[-102.7805,29.558],[-102.7795,29.5925],[-102.7615,29.6035],[-102.698,29.7095],[-102.6835,29.7435],[-102.621,29.7475],[-102.567,29.771],[-102.5465,29.758],[-102.5155,29.7845],[-102.406,29.7775],[-102.38,29.8115],[-102.3745,29.848],[-102.302,29.8895],[-102.2535,29.8555],[-102.2035,29.846],[-102.1095,29.802],[-101.972,29.818],[-101.9295,29.7975],[-101.8875,29.8125],[-101.8575,29.805],[-101.806,29.812],[-101.7945,29.796],[-101.632,29.7755],[-101.5805,29.7815],[-101.554,29.7965],[-101.522,29.766],[-101.471,29.7915],[-101.446,29.771],[-101.4095,29.766],[-101.3645,29.6765],[-101.336,29.6545],[-101.301,29.6495],[-101.312,29.598],[-101.259,29.62],[-101.219,29.6105],[-101.2265,29.5545],[-101.1635,29.5015],[-101.135,29.4875],[-101.038,29.46],[-101.016,29.39],[-100.9875,29.3665],[-100.9145,29.337],[-100.864,29.2905],[-100.816,29.271],[-100.783,29.243],[-100.762,29.2085],[-100.7625,29.174],[-100.7095,29.1355],[-100.669,29.116],[-100.652,29.045],[-100.629,28.9845],[-100.638,28.963],[-100.6245,28.9245],[-100.566,28.87],[-100.5695,28.8495],[-100.5385,28.8355],[-100.519,28.805],[-100.494,28.7085],[-100.445,28.644],[-100.446,28.6265],[-100.397,28.5925],[-100.398,28.5575],[-100.384,28.537],[-100.3225,28.5105],[-100.3515,28.4965],[-100.3365,28.4585],[-100.3225,28.387],[-100.2785,28.331],[-100.2845,28.2965],[-100.2405,28.2495],[-100.206,28.243],[-100.1975,28.207],[-100.075,28.1545],[-100.0565,28.138],[-100.045,28.0955],[-100.0175,28.071],[-100.0005,28.0205],[-99.9765,27.9925],[-99.9285,27.976],[-99.9395,27.961],[-99.9145,27.928],[-99.879,27.902],[-99.8915,27.876],[-99.862,27.836],[-99.8635,27.8045],[-99.833,27.777],[-99.808,27.7725],[-99.7745,27.736],[-99.7405,27.722],[-99.7305,27.692],[-99.7005,27.659],[-99.6645,27.6595],[-99.645,27.6325],[-99.6,27.6465],[-99.578,27.623],[-99.535,27.605],[-99.507,27.574],[-99.5095,27.5],[-99.4765,27.4825],[-99.473,27.4265],[-99.4975,27.339],[-99.5215,27.3115],[-99.4865,27.2975],[-99.441,27.245],[-99.432,27.2075],[-99.4525,27.125],[-99.442,27.0895],[-99.4615,27.057],[-99.4245,27.018],[-99.3995,27.0125],[-99.377,26.954],[-99.337,26.925],[-99.2485,26.827],[-99.2215,26.7355],[-99.181,26.63],[-99.165,26.5405],[-99.115,26.5255],[-99.0895,26.471],[-99.109,26.4345],[-99.0855,26.4075],[-99.028,26.406],[-99.0165,26.3945],[-98.963,26.3995],[-98.93,26.392],[-98.893,26.368],[-98.796,26.3685],[-98.7465,26.332],[-98.74,26.3035],[-98.713,26.3035],[-98.7045,26.2765],[-98.6405,26.242],[-98.5815,26.2625],[-98.493,26.2305],[-98.4565,26.226],[-98.3695,26.194],[-98.3775,26.1635],[-98.3395,26.16],[-98.3005,26.1115],[-98.2225,26.0755],[-98.15,26.0635],[-98.0835,26.071],[-98.0655,26.042],[-98.013,26.0635],[-97.9415,26.057],[-97.878,26.0635],[-97.802,26.0635],[-97.767,26.0395],[-97.6795,26.0345],[-97.6225,26.009],[-97.5945,25.9665],[-97.565,25.9545],[-97.5205,25.913],[-97.4865,25.8955],[-97.4485,25.8925],[-97.4255,25.855],[-97.383,25.8605],[-97.3455,25.852],[-97.355,25.913],[-97.3285,25.9335],[-97.2875,25.9285],[-97.253,25.9635],[-97.205,25.9605],[-97.1395,25.966],[-97.143,26.048],[-97.152,26.075],[-97.1755,26.071],[-97.1855,26.0225],[-97.236,25.984],[-97.2555,25.999],[-97.26,26.029],[-97.2465,26.0705],[-97.222,26.067],[-97.212,26.091],[-97.276,26.1005],[-97.3105,26.1235],[-97.3085,26.201],[-97.3295,26.242],[-97.316,26.265],[-97.33,26.2815],[-97.361,26.286],[-97.352,26.354],[-97.37,26.3725],[-97.405,26.3785],[-97.417,26.415],[-97.448,26.42],[-97.437,26.51],[-97.425,26.535],[-97.4475,26.6015],[-97.4575,26.667],[-97.4815,26.7315],[-97.4885,26.775],[-97.5135,26.8175],[-97.555,26.825],[-97.56,26.8715],[-97.5375,26.8955],[-97.493,26.8585],[-97.4815,26.8775],[-97.534,26.907],[-97.5545,26.933],[-97.563,26.9935],[-97.55,27.009],[-97.4945,27.0125],[-97.4805,27.022],[-97.497,27.106],[-97.466,27.1125],[-97.446,27.1325],[-97.4585,27.175],[-97.445,27.188],[-97.44,27.272],[-97.521,27.232],[-97.6295,27.2445],[-97.659,27.274],[-97.715,27.2675],[-97.7605,27.279],[-97.75,27.2975],[-97.7005,27.286],[-97.6675,27.311],[-97.687,27.325],[-97.704,27.361],[-97.74,27.3935],[-97.7175,27.4275],[-97.638,27.3245],[-97.63,27.3],[-97.534,27.352],[-97.5415,27.3655],[-97.487,27.4],[-97.493,27.362],[-97.4725,27.352],[-97.487,27.304],[-97.4225,27.328],[-97.367,27.461],[-97.353,27.4755],[-97.3295,27.5495],[-97.295,27.609],[-97.2895,27.642],[-97.263,27.6795],[-97.267,27.708],[-97.356,27.742],[-97.372,27.7555],[-97.394,27.8015],[-97.3855,27.83],[-97.4315,27.8385],[-97.487,27.8355],[-97.521,27.873],[-97.368,27.873],[-97.3315,27.861],[-97.267,27.8795],[-97.236,27.864],[-97.2065,27.8215],[-97.184,27.8365],[-97.1055,27.937],[-97.0685,27.996],[-97.025,28.0415],[-97.021,28.1005],[-97.106,28.071],[-97.13,28.017],[-97.1685,28.0555],[-97.2175,28.075],[-97.1575,28.134],[-97.165,28.1675],[-97.11,28.1535],[-97.036,28.1875],[-97.0075,28.1945],[-97.02,28.14],[-96.973,28.134],[-96.9485,28.174],[-96.9595,28.216],[-96.922,28.2635],[-96.909,28.249],[-96.9245,28.214],[-96.9105,28.1955],[-96.9335,28.163],[-96.945,28.1265],[-96.88,28.1505],[-96.8285,28.209],[-96.7825,28.2415],[-96.8015,28.279],[-96.781,28.332],[-96.8445,28.4155],[-96.8285,28.4285],[-96.775,28.4005],[-96.7775,28.4375],[-96.81,28.468],[-96.7935,28.4795],[-96.7465,28.435],[-96.742,28.4105],[-96.706,28.3885],[-96.704,28.352],[-96.6875,28.3275],[-96.6535,28.3195],[-96.495,28.3965],[-96.404,28.435],[-96.407,28.4585],[-96.4355,28.4815],[-96.4735,28.4935],[-96.5315,28.4695],[-96.5455,28.4875],[-96.493,28.5105],[-96.5205,28.549],[-96.582,28.579],[-96.6085,28.579],[-96.6025,28.6205],[-96.6455,28.687],[-96.6305,28.7155],[-96.5905,28.7205],[-96.567,28.6965],[-96.5595,28.6545],[-96.52,28.6405],[-96.4975,28.645],[-96.4845,28.6125],[-96.447,28.6355],[-96.4275,28.5955],[-96.3695,28.6265],[-96.417,28.6435],[-96.4105,28.6665],[-96.4245,28.7085],[-96.3975,28.7435],[-96.3775,28.715],[-96.39,28.6885],[-96.346,28.6355],[-96.308,28.651],[-96.2605,28.6885],[-96.195,28.6945],[-96.2155,28.648],[-96.195,28.6265],[-96.205,28.5865],[-96.1575,28.599],[-96.065,28.6315],[-96.0265,28.651],[-95.988,28.645],[-95.985,28.613],[-96.017,28.602],[-96.161,28.5375],[-96.1945,28.5155],[-96.188,28.5015],[-96.1235,28.537],[-96.0665,28.554],[-96.005,28.5965],[-95.9025,28.618],[-95.837,28.6465],[-95.719,28.7155],[-95.7935,28.6995],[-95.94,28.6255],[-95.952,28.6885],[-95.8175,28.7325],[-95.689,28.7365],[-95.602,28.764],[-95.487,28.8295],[-95.419,28.8725],[-95.3795,28.8805],[-95.314,28.9285],[-95.26,28.982],[-95.2315,28.9955],[-95.159,29.0455],[-95.15,29.089],[-95.159,29.1525],[-95.15,29.175],[-95.116,29.175],[-95.065,29.204],[-94.985,29.2845],[-94.944,29.319],[-94.928,29.3075],[-94.9015,29.3345],[-94.889,29.376],[-94.9175,29.421],[-94.943,29.422],[-94.965,29.4695],[-94.908,29.4965],[-94.984,29.514],[-95.024,29.542],[-95.016,29.569],[-94.9845,29.606],[-95.01,29.626],[-95.009,29.6935],[-95.064,29.713],[-95.0525,29.7495],[-95.0155,29.7205],[-94.9385,29.6895],[-94.9195,29.6555],[-94.876,29.666],[-94.8265,29.75],[-94.8265,29.768],[-94.7445,29.782],[-94.7195,29.7765],[-94.7035,29.7515],[-94.6925,29.6965],[-94.716,29.6115],[-94.7615,29.544],[-94.755,29.5245],[-94.695,29.539],[-94.6055,29.5525],[-94.5615,29.5745],[-94.51,29.549],[-94.522,29.524],[-94.572,29.5265],[-94.6225,29.49],[-94.701,29.463],[-94.782,29.3935],[-94.786,29.3705],[-94.7425,29.3745],[-94.6905,29.4285],[-94.6545,29.452],[-94.3355,29.578],[-94.216,29.6175],[-94.1315,29.659],[-94.06,29.682],[-93.9165,29.682],[-93.876,29.675],[-93.86,29.6925],[-93.876,29.7235],[-93.9325,29.776],[-93.938,29.806],[-93.9245,29.8655],[-93.8675,29.95],[-93.854,29.9865],[-93.789,29.985],[-93.76,29.9605],[-93.782,29.8565],[-93.8205,29.824],[-93.888,29.807],[-93.8935,29.791],[-93.879,29.75],[-93.831,29.7],[-93.8215,29.7095],[-93.7395,29.737],[-93.5585,29.763],[-93.4535,29.7705],[-93.3455,29.762],[-93.2535,29.7765],[-93.1995,29.773],[-93.0945,29.7515],[-93.027,29.733],[-92.9155,29.693],[-92.7955,29.644],[-92.683,29.604],[-92.546,29.5715],[-92.3145,29.5345],[-92.2765,29.534],[-92.174,29.576],[-92.137,29.587],[-92.066,29.588],[-92.0735,29.606],[-92.1075,29.6205],[-92.15,29.7075],[-92.1725,29.6955],[-92.191,29.724],[-92.1585,29.771],[-92.134,29.757],[-92.0005,29.799],[-91.9845,29.832],[-91.9335,29.8195],[-91.9065,29.837],[-91.8475,29.831],[-91.8285,29.8155],[-91.837,29.7875],[-91.8645,29.797],[-91.878,29.7595],[-91.8585,29.719],[-91.7785,29.7485],[-91.6845,29.753],[-91.638,29.742],[-91.6305,29.729],[-91.644,29.645],[-91.6135,29.634],[-91.569,29.647],[-91.545,29.592],[-91.5455,29.549],[-91.5345,29.534],[-91.415,29.557],[-91.429,29.528],[-91.321,29.4965],[-91.2985,29.484],[-91.278,29.524],[-91.2475,29.4455],[-91.221,29.4285],[-91.22,29.4045],[-91.1215,29.338],[-91.11,29.3165],[-91.1275,29.291],[-91.113,29.271],[-91.154,29.2505],[-91.176,29.278],[-91.162,29.306],[-91.1615,29.3395],[-91.1915,29.3315],[-91.215,29.3435],[-91.2465,29.378],[-91.278,29.333],[-91.312,29.3195],[-91.328,29.295],[-91.285,29.261],[-91.2285,29.2385],[-91.124,29.223],[-91.0795,29.196],[-91.05,29.197],[-91.0155,29.2235],[-91.0105,29.182],[-90.9825,29.1915],[-90.93,29.1715],[-90.884,29.134],[-90.8285,29.1765],[-90.77,29.149],[-90.793,29.126],[-90.758,29.116],[-90.743,29.131],[-90.706,29.1195],[-90.6765,29.1375],[-90.675,29.161],[-90.641,29.1575],[-90.6405,29.202],[-90.62,29.243],[-90.598,29.2445],[-90.562,29.3005],[-90.5275,29.291],[-90.4965,29.306],[-90.483,29.291],[-90.426,29.3505],[-90.3935,29.2985],[-90.3375,29.2935],[-90.3005,29.2575],[-90.271,29.271],[-90.251,29.2475],[-90.2605,29.1885],[-90.2715,29.1675],[-90.246,29.1405],[-90.229,29.0865],[-90.131,29.132],[-90.08,29.1745],[-90.051,29.2295],[-90.084,29.2255],[-90.1,29.254],[-90.095,29.284],[-90.051,29.3075],[-90.0565,29.341],[-90.0365,29.366],[-90.051,29.391],[-90.0475,29.417],[-90.024,29.4285],[-90.07,29.46],[-90.1435,29.477],[-90.1955,29.518],[-90.2095,29.5385],[-90.182,29.5795],[-90.1435,29.5375],[-90.116,29.547],[-90.0805,29.5375],[-89.971,29.4735],[-89.9415,29.4645],[-89.9075,29.477],[-89.8605,29.444],[-89.8515,29.48],[-89.8165,29.4745],[-89.832,29.436],[-89.782,29.3915],[-89.75,29.392],[-89.744,29.37],[-89.7575,29.343],[-89.818,29.316],[-89.7325,29.306],[-89.6225,29.285],[-89.608,29.256],[-89.555,29.2485],[-89.496,29.2295],[-89.4825,29.243],[-89.4275,29.155],[-89.3985,29.142],[-89.405,29.123],[-89.3835,29.088],[-89.3375,29.1035],[-89.325,29.1195],[-89.3315,29.1645],[-89.276,29.16],[-89.287,29.1175],[-89.312,29.0725],[-89.352,29.058],[-89.3505,29.0305],[-89.4075,28.9695],[-89.4135,28.9285],[-89.374,28.9475],[-89.327,29.0085],[-89.3095,29.05],[-89.2495,29.065],[-89.225,29.0915],[-89.188,29.0305],[-89.158,28.9975],[-89.1505,29.048],[-89.0825,29.119],[-89.0515,29.0975],[-89.023,29.1475],[-89.0895,29.1485],[-89.0655,29.185],[-89.01,29.196],[-89.0325,29.2165],[-89.087,29.207],[-89.1265,29.2495],[-89.123,29.268],[-89.202,29.353],[-89.227,29.322],[-89.257,29.319],[-89.2815,29.3575],[-89.3425,29.346],[-89.381,29.363],[-89.38,29.3875],[-89.434,29.4035],[-89.516,29.3925],[-89.5375,29.435],[-89.5415,29.471],[-89.6685,29.522],[-89.695,29.572],[-89.7235,29.6015],[-89.722,29.64],[-89.639,29.6205],[-89.654,29.675],[-89.537,29.6615],[-89.522,29.6875],[-89.5855,29.6885],[-89.604,29.7165],[-89.5855,29.751],[-89.5445,29.751],[-89.478,29.8155],[-89.457,29.8295],[-89.42,29.792],[-89.3555,29.7925],[-89.38,29.8335],[-89.3455,29.853],[-89.3315,29.88],[-89.3745,29.899],[-89.4075,29.9015],[-89.4345,29.929],[-89.3865,29.97],[-89.429,29.9685],[-89.4405,30.014],[-89.422,30.031],[-89.3935,30.029],[-89.3935,30.0565],[-89.4275,30.0585],[-89.479,30.08],[-89.503,30.0305],[-89.5515,30.0115],[-89.571,29.9885],[-89.5755,29.931],[-89.6195,29.88],[-89.6865,29.8825],[-89.729,29.922],[-89.7165,29.9605],[-89.767,29.9425],[-89.811,29.947],[-89.839,29.9955],[-89.835,30.0265],[-89.8005,30.051],[-89.7475,30.041],[-89.729,30.0245],[-89.7105,30.0675],[-89.681,30.0765],[-89.677,30.101],[-89.6395,30.1405],[-89.6675,30.164],[-89.7025,30.127],[-89.789,30.099],[-89.8405,30.1205],[-89.8495,30.1455],[-89.8805,30.155],[-89.9275,30.0955],[-89.9965,30.0525],[-90.037,30.0405],[-90.1685,30.0245],[-90.231,30.0395],[-90.266,30.06],[-90.339,30.066],[-90.38,30.0805],[-90.414,30.1065],[-90.433,30.1435],[-90.4285,30.189],[-90.405,30.22],[-90.331,30.276],[-90.2685,30.3525],[-90.2225,30.3875],[-90.1435,30.385],[-90.0585,30.3605],[-90.004,30.3225],[-89.969,30.2645],[-89.9245,30.258],[-89.884,30.2645],[-89.826,30.2315],[-89.7705,30.2395],[-89.743,30.22],[-89.748,30.197],[-89.7085,30.1755],[-89.6435,30.1755],[-89.596,30.187],[-89.596,30.156],[-89.5655,30.1635],[-89.5235,30.196],[-89.4685,30.2035],[-89.4425,30.19],[-89.414,30.2445],[-89.421,30.258],[-89.33,30.303],[-89.3185,30.343],[-89.355,30.3585],[-89.322,30.381],[-89.268,30.355],[-89.271,30.323],[-89.24,30.3205],[-89.0135,30.3775],[-88.9685,30.395],[-88.876,30.395],[-88.8595,30.408],[-88.9825,30.4225],[-88.9275,30.442],[-88.846,30.4225],[-88.742,30.354],[-88.662,30.3545],[-88.617,30.3705],[-88.5985,30.395],[-88.5585,30.3485],[-88.5065,30.341],[-88.4705,30.324],[-88.4075,30.3595],[-88.403,30.3875],[-88.3555,30.404],[-88.304,30.4015],[-88.278,30.389],[-88.187,30.3675],[-88.184,30.334],[-88.12,30.3385],[-88.11,30.411],[-88.112,30.453],[-88.0845,30.576],[-88.063,30.6045],[-88.0525,30.6545],[-88.0375,30.675],[-88.0065,30.688],[-87.9755,30.6825],[-87.9425,30.6595],[-87.9125,30.5835],[-87.9105,30.549],[-87.9405,30.483],[-87.9165,30.4235],[-87.877,30.3895],[-87.8195,30.397],[-87.831,30.364],[-87.776,30.313],[-87.764,30.2795],[-87.7925,30.263],[-87.875,30.2415],[-87.9145,30.248],[-87.936,30.2645],[-87.996,30.2425],[-87.9985,30.2235],[-87.9105,30.237],[-87.7865,30.237],[-87.6545,30.252],[-87.59,30.2755],[-87.573,30.3215],[-87.534,30.3235],[-87.5135,30.348],[-87.4735,30.359],[-87.444,30.4045],[-87.401,30.44],[-87.387,30.4635],[-87.3585,30.4635],[-87.3455,30.4275],[-87.3975,30.4055],[-87.427,30.3745],[-87.414,30.35],[-87.471,30.2935],[-87.329,30.3195],[-87.31,30.3465],[-87.2625,30.367],[-87.263,30.4015],[-87.2025,30.419],[-87.1805,30.436],[-87.157,30.4745],[-87.1575,30.5045],[-87.176,30.53],[-87.184,30.574],[-87.1545,30.5805],[-87.1315,30.5385],[-87.1095,30.536],[-87.091,30.4905],[-87.0985,30.4605],[-87.0675,30.4605],[-87.0605,30.495],[-87.02,30.5895],[-86.987,30.5625],[-87.0155,30.521],[-86.94,30.4565],[-87.005,30.41],[-87.0775,30.407],[-87.138,30.3925],[-87.144,30.3655],[-87.0445,30.3895],[-86.889,30.408],[-86.833,30.4085],[-86.7825,30.4225],[-86.7615,30.4145],[-86.68,30.4225],[-86.6025,30.4185],[-86.59,30.445],[-86.554,30.4455],[-86.5415,30.46],[-86.4845,30.48],[-86.4365,30.5185],[-86.44,30.476],[-86.4085,30.4615],[-86.382,30.4785],[-86.286,30.4975],[-86.2235,30.4925],[-86.207,30.505],[-86.182,30.469],[-86.1515,30.4575],[-86.1065,30.4005],[-86.145,30.396],[-86.231,30.415],[-86.242,30.395],[-86.287,30.4045],[-86.3165,30.436],[-86.347,30.395],[-86.4125,30.408],[-86.493,30.4105],[-86.485,30.393],[-86.365,30.381],[-86.193,30.34],[-86.066,30.306],[-85.8645,30.2165],[-85.7445,30.1395],[-85.7065,30.155],[-85.749,30.1905],[-85.734,30.2095],[-85.767,30.2405],[-85.832,30.236],[-85.8545,30.265],[-85.809,30.2915],[-85.7775,30.2945],[-85.7545,30.3195],[-85.7085,30.247],[-85.6945,30.266],[-85.655,30.2835],[-85.621,30.282],[-85.587,30.326],[-85.568,30.3095],[-85.579,30.286],[-85.618,30.246],[-85.6575,30.252],[-85.699,30.2065],[-85.6975,30.1735],[-85.6455,30.1405],[-85.605,30.137],[-85.5695,30.114],[-85.5135,30.1395],[-85.5125,30.1085],[-85.488,30.107],[-85.486,30.058],[-85.462,30.035],[-85.44,30.066],[-85.3905,30.0445],[-85.4425,30.02],[-85.5125,30.0555],[-85.546,30.091],[-85.6115,30.1085],[-85.6105,30.127],[-85.671,30.123],[-85.608,30.0745],[-85.4805,29.9835],[-85.52,29.982],[-85.405,29.935],[-85.3565,29.8885],[-85.3435,29.856],[-85.302,29.798],[-85.302,29.712],[-85.33,29.6885],[-85.3515,29.6935],[-85.378,29.728],[-85.396,29.772],[-85.3955,29.8635],[-85.4135,29.8515],[-85.4105,29.8],[-85.3915,29.716],[-85.346,29.6785],[-85.308,29.6935],[-85.2405,29.6885],[-85.1245,29.722],[-85.0835,29.7235],[-85.0045,29.716],[-84.971,29.7495],[-84.946,29.753],[-84.928,29.7785],[-84.8735,29.8045],[-84.857,29.798],[-84.8915,29.7475],[-84.8865,29.73],[-84.828,29.7545],[-84.788,29.7785],[-84.7335,29.7915],[-84.653,29.853],[-84.6045,29.8645],[-84.563,29.894],[-84.5085,29.922],[-84.497,29.912],[-84.4425,29.922],[-84.4015,29.9185],[-84.349,29.902],[-84.343,29.947],[-84.445,29.9685],[-84.4535,30.005],[-84.36,29.972],[-84.3705,30.004],[-84.391,30.0245],[-84.3285,30.066],[-84.285,30.066],[-84.2695,30.0925],[-84.227,30.0935],[-84.203,30.106],[-84.1785,30.073],[-84.1475,30.088],[-84.076,30.0935],[-84.024,30.1065],[-83.9505,30.0545],[-83.8565,30.0025],[-83.8115,29.9855],[-83.7875,29.9895],[-83.754,29.96],[-83.6805,29.9215],[-83.5935,29.826],[-83.577,29.765],[-83.5275,29.716],[-83.466,29.682],[-83.409,29.6675],[-83.393,29.6335],[-83.405,29.5315],[-83.3565,29.5105],[-83.3055,29.458],[-83.278,29.4385],[-83.2535,29.4425],[-83.2155,29.4105],[-83.168,29.3445],[-83.1575,29.305],[-83.085,29.272],[-83.0615,29.237],[-83.066,29.2115],[-83.024,29.175],[-82.932,29.1885],[-82.892,29.1705],[-82.849,29.182],[-82.7735,29.1195],[-82.7835,29.091],[-82.746,29.065],[-82.755,29.01],[-82.7255,28.9965],[-82.727,28.959],[-82.685,28.913],[-82.6445,28.9005],[-82.631,28.873],[-82.6385,28.8245],[-82.6845,28.805],[-82.654,28.7565],[-82.637,28.7465],[-82.6325,28.6885],[-82.6445,28.6715],[-82.6505,28.5435],[-82.663,28.502],[-82.664,28.448],[-82.686,28.4145],[-82.7325,28.3045],[-82.717,28.2985],[-82.746,28.256],[-82.76,28.2145],[-82.7875,28.194],[-82.7825,28.1355],[-82.7675,28.106],[-82.802,27.9665],[-82.8355,27.886],[-82.856,27.89],[-82.8425,27.8285],[-82.8285,27.805],[-82.7675,27.7515],[-82.7425,27.68],[-82.718,27.672],[-82.7515,27.7465],[-82.8105,27.8045],[-82.796,27.8155],[-82.757,27.7875],[-82.7215,27.745],[-82.688,27.736],[-82.6845,27.701],[-82.638,27.701],[-82.623,27.734],[-82.63,27.7505],[-82.596,27.83],[-82.6045,27.8815],[-82.719,27.928],[-82.6905,27.971],[-82.68,28.0135],[-82.596,27.983],[-82.585,27.9605],[-82.541,27.943],[-82.5345,27.917],[-82.5395,27.844],[-82.527,27.825],[-82.4825,27.8215],[-82.485,27.8925],[-82.451,27.9305],[-82.4215,27.917],[-82.4125,27.8755],[-82.3925,27.834],[-82.398,27.796],[-82.4375,27.7535],[-82.4655,27.736],[-82.486,27.701],[-82.544,27.65],[-82.5745,27.5905],[-82.596,27.5775],[-82.5785,27.5475],[-82.661,27.5205],[-82.678,27.503],[-82.6455,27.4765],[-82.6575,27.4615],[-82.695,27.483],[-82.6985,27.455],[-82.6455,27.443],[-82.5735,27.395],[-82.5625,27.347],[-82.542,27.3085],[-82.562,27.2765],[-82.521,27.2155],[-82.4965,27.2115],[-82.501,27.179],[-82.477,27.1375],[-82.467,27.102],[-82.3765,26.9405],[-82.343,26.935],[-82.314,26.8495],[-82.236,26.812],[-82.198,26.803],[-82.1785,26.8215],[-82.1505,26.803],[-82.16,26.8625],[-82.2015,26.944],[-82.219,26.9475],[-82.259,26.989],[-82.242,26.9955],[-82.2225,26.965],[-82.1445,26.9405],[-82.017,26.973],[-82.0275,26.9495],[-82.097,26.9095],[-82.0985,26.8965],[-82.057,26.866],[-82.057,26.819],[-82.0815,26.7025],[-82.082,26.68],[-82.055,26.6115],[-82.063,26.561],[-82.039,26.528],[-81.9925,26.5435],[-81.9475,26.549],[-81.9175,26.6265],[-81.8545,26.6885],[-81.842,26.663],[-81.897,26.6115],[-81.893,26.586],[-81.912,26.5585],[-81.9745,26.5105],[-82.006,26.514],[-82.0085,26.4845],[-81.9785,26.482],[-81.9235,26.455],[-81.856,26.449],[-81.844,26.414],[-81.842,26.352],[-81.852,26.342],[-81.822,26.293],[-81.8275,26.249],[-81.819,26.1705],[-81.801,26.0985],[-81.7545,26.042],[-81.7255,26.0225],[-81.7225,25.989],[-81.6645,25.9815],[-81.6945,25.9405],[-81.7285,25.9625],[-81.736,25.9285],[-81.7185,25.908],[-81.6845,25.925],[-81.6075,25.9275],[-81.564,25.9205],[-81.499,25.8865],[-81.4855,25.8995],[-81.4385,25.8615],[-81.396,25.8515],[-81.3485,25.817],[-81.3215,25.7825],[-81.357,25.7535],[-81.3215,25.7075],[-81.2795,25.704],[-81.2665,25.653],[-81.246,25.618],[-81.2315,25.5635],[-81.186,25.553],[-81.2145,25.5275],[-81.171,25.475],[-81.149,25.3955],[-81.095,25.3515],[-80.981,25.3185],[-80.924,25.2635],[-80.917,25.246],[-80.9445,25.2125],[-80.988,25.2075],[-80.9855,25.2345],[-81.078,25.273],[-81.095,25.3035],[-81.124,25.328],[-81.1485,25.331],[-81.176,25.259],[-81.177,25.228],[-81.149,25.1655],[-81.102,25.1245],[-81.0865,25.1215],[-80.967,25.1415],[-80.91,25.1455],[-80.855,25.186],[-80.773,25.1455],[-80.711,25.1455],[-80.657,25.19],[-80.6065,25.1885],[-80.5805,25.2415],[-80.5125,25.2485],[-80.519,25.217],[-80.506,25.2005],[-80.477,25.2185],[-80.427,25.2215],[-80.423,25.2525],[-80.396,25.2955],[-80.3145,25.371],[-80.341,25.406],[-80.3255,25.4385],[-80.341,25.454],[-80.3425,25.4935],[-80.3115,25.55],[-80.307,25.618],[-80.2775,25.644],[-80.2405,25.7295],[-80.2105,25.735],[-80.196,25.754],[-80.1955,25.796],[-80.1765,25.8585],[-80.1405,25.901],[-80.1295,25.888],[-80.1355,25.817],[-80.129,25.7755],[-80.113,26.069],[-80.129,26.091],[-80.1025,26.14],[-80.0775,26.2875],[-80.074,26.3755],[-80.062,26.421],[-80.0535,26.5565],[-80.0325,26.5875],[-80.0345,26.7155],[-80.0535,26.7695],[-80.038,26.811],[-80.0645,26.9065],[-80.0805,26.9235],[-80.0755,26.973],[-80.149,27.1385],[-80.177,27.1505],[-80.2215,27.2015],[-80.2515,27.194],[-80.257,27.2185],[-80.198,27.196],[-80.3455,27.5145],[-80.381,27.666],[-80.541,27.9815],[-80.701,28.2965],[-80.7385,28.3735],[-80.766,28.451],[-80.7895,28.548],[-80.7975,28.6085],[-80.828,28.6615],[-80.848,28.7905],[-80.7955,28.7555],[-80.7525,28.742],[-80.7495,28.724],[-80.7805,28.6805],[-80.784,28.6415],[-80.766,28.6125],[-80.684,28.595],[-80.663,28.6205],[-80.6095,28.61],[-80.5945,28.585],[-80.588,28.506],[-80.618,28.3795],[-80.62,28.207],[-80.6105,28.165],[-80.5805,28.0855],[-80.5215,27.99],[-80.5125,27.955],[-80.4825,27.9245],[-80.452,27.9095],[-80.5325,28.019],[-80.571,28.106],[-80.592,28.208],[-80.594,28.4015],[-80.5405,28.4515],[-80.528,28.4725],[-80.543,28.4925],[-80.5675,28.558],[-80.627,28.651],[-80.68,28.717],[-80.743,28.807],[-80.8775,29.0085],[-80.892,29.0455],[-80.922,29.0685],[-80.932,29.101],[-80.9625,29.152],[-81.072,29.363],[-81.1785,29.5855],[-81.189,29.624],[-81.239,29.7375],[-81.256,29.7895],[-81.274,29.89],[-81.3285,30.053],[-81.354,30.171],[-81.395,30.2985],[-81.3895,30.384],[-81.41,30.4115],[-81.4065,30.4435],[-81.4475,30.508],[-81.4925,30.5375],[-81.5015,30.5695],[-81.498,30.6175],[-81.472,30.61],[-81.462,30.5485],[-81.4415,30.553],[-81.438,30.638],[-81.4285,30.6815],[-81.4405,30.701],[-81.4995,30.7045],[-81.4925,30.772],[-81.5135,30.806],[-81.519,30.842],[-81.493,30.8595],[-81.506,30.8815],[-81.493,30.9185],[-81.451,30.9635],[-81.4995,30.968],[-81.451,31.022],[-81.424,31.025],[-81.4305,31.0735],[-81.4875,31.1335],[-81.447,31.131],[-81.4565,31.1905],[-81.4445,31.217],[-81.4155,31.207],[-81.418,31.149],[-81.386,31.142],[-81.343,31.1805],[-81.3075,31.2305],[-81.2745,31.2355],[-81.27,31.275],[-81.3285,31.3155],[-81.4265,31.333],[-81.429,31.353],[-81.336,31.343],[-81.3255,31.349],[-81.364,31.416],[-81.3655,31.438],[-81.3315,31.467],[-81.32,31.5225],[-81.3335,31.5445],[-81.301,31.571],[-81.239,31.663],[-81.199,31.6995],[-81.1965,31.7175],[-81.2255,31.7375],[-81.269,31.7515],[-81.253,31.7705],[-81.2045,31.7415],[-81.119,31.7375],[-81.061,31.788],[-81.061,31.827],[-81.0875,31.8475],[-81.0905,31.8755],[-81.118,31.9075],[-81.0955,31.916],[-81.0745,31.8885],[-80.9805,31.8655],[-80.924,31.909],[-80.9495,31.9135],[-80.965,31.949],[-80.924,31.978],[-80.9035,31.9505],[-80.854,31.982],[-80.8355,32.003],[-80.848,32.022],[-80.8895,32.0305],[-80.8875,32.0695],[-80.842,32.116],[-80.821,32.108],[-80.737,32.152],[-80.678,32.2145],[-80.712,32.263],[-80.745,32.259],[-80.776,32.3055],[-80.799,32.3195],[-80.7875,32.3575],[-80.829,32.4555],[-80.821,32.478],[-80.843,32.524],[-80.783,32.4915],[-80.797,32.4745],[-80.7845,32.416],[-80.7595,32.361],[-80.692,32.3095],[-80.663,32.3235],[-80.67,32.3735],[-80.629,32.382],[-80.642,32.319],[-80.637,32.267],[-80.5535,32.279],[-80.471,32.3225],[-80.441,32.366],[-80.477,32.3715],[-80.5065,32.3885],[-80.4635,32.404],[-80.47,32.442],[-80.535,32.471],[-80.5295,32.498],[-80.571,32.4915],[-80.6595,32.506],[-80.66,32.526],[-80.558,32.5165],[-80.525,32.54],[-80.488,32.5125],[-80.4435,32.5055],[-80.4095,32.481],[-80.378,32.484],[-80.366,32.517],[-80.331,32.4865],[-80.3035,32.498],[-80.2115,32.552],[-80.149,32.5815],[-80.058,32.604],[-80.005,32.6115],[-79.9815,32.6485],[-79.9455,32.6535],[-79.8875,32.688],[-79.8715,32.7085],[-79.879,32.7315],[-79.908,32.7555],[-79.943,32.7625],[-79.932,32.812],[-79.938,32.854],[-79.903,32.8345],[-79.906,32.8005],[-79.851,32.7585],[-79.7985,32.773],[-79.7445,32.7995],[-79.693,32.86],[-79.6075,32.916],[-79.623,32.9555],[-79.585,33.014],[-79.52,33.041],[-79.4915,32.9915],[-79.4575,33.0065],[-79.387,33.0175],[-79.3715,33.064],[-79.3075,33.0955],[-79.2395,33.1495],[-79.1835,33.184],[-79.203,33.193],[-79.214,33.2425],[-79.2485,33.25],[-79.2915,33.2775],[-79.2685,33.3065],[-79.227,33.3065],[-79.2035,33.287],[-79.1825,33.2415],[-79.156,33.358],[-79.133,33.4175],[-78.938,33.642],[-78.8675,33.7045],[-78.7635,33.7785],[-78.657,33.832],[-78.615,33.846],[-78.5735,33.848],[-78.559,33.869],[-78.471,33.8965],[-78.3675,33.917],[-78.3335,33.91],[-78.2525,33.925],[-78.214,33.9155],[-78.1395,33.915],[-78.0325,33.8925],[-78.009,33.9045],[-77.972,33.9525],[-77.936,33.9715],[-77.911,33.958],[-77.893,34.012],[-77.8745,34.1225],[-77.8325,34.207],[-77.785,34.2465],[-77.7305,34.316],[-77.6685,34.376],[-77.536,34.4685],[-77.4555,34.5055],[-77.379,34.527],[-77.383,34.562],[-77.4265,34.579],[-77.445,34.6175],[-77.397,34.62],[-77.381,34.6565],[-77.397,34.684],[-77.4285,34.701],[-77.4245,34.74],[-77.375,34.7245],[-77.3785,34.7015],[-77.333,34.65],[-77.343,34.6315],[-77.4015,34.589],[-77.3655,34.582],[-77.3365,34.561],[-77.2535,34.5945],[-77.2015,34.6505],[-77.137,34.6825],[-77.107,34.7325],[-77.073,34.6865],[-76.9285,34.722],[-76.896,34.739],[-76.702,34.7255],[-76.73,34.7665],[-76.71,34.7965],[-76.671,34.791],[-76.658,34.722],[-76.622,34.731],[-76.616,34.816],[-76.5715,34.781],[-76.588,34.7665],[-76.566,34.7385],[-76.523,34.732],[-76.504,34.7665],[-76.476,34.787],[-76.4145,34.849],[-76.355,34.8775],[-76.3355,34.8995],[-76.3405,34.9395],[-76.3045,34.938],[-76.27,34.9725],[-76.2935,34.985],[-76.322,35.02],[-76.353,35.027],[-76.325,34.9755],[-76.3775,34.966],[-76.44,34.9385],[-76.4645,34.9685],[-76.419,34.9865],[-76.4425,35.0165],[-76.435,35.051],[-76.465,35.06],[-76.4835,35.027],[-76.4835,34.987],[-76.548,34.9995],[-76.5665,34.979],[-76.545,34.9515],[-76.5555,34.9365],[-76.596,34.9585],[-76.62,34.9865],[-76.6425,34.984],[-76.7135,34.93],[-76.762,34.9125],[-76.8055,34.9445],[-76.899,34.964],[-76.9405,34.98],[-76.9765,35.02],[-76.9995,35.062],[-77.0365,35.0995],[-76.9465,35.0685],[-76.901,35.027],[-76.839,34.9925],[-76.7645,34.989],[-76.726,35.0005],[-76.7095,35.0235],[-76.608,35.08],[-76.5605,35.1245],[-76.5875,35.1495],[-76.664,35.181],[-76.6165,35.191],[-76.5715,35.2115],[-76.493,35.23],[-76.4705,35.2705],[-76.497,35.3115],[-76.694,35.3535],[-76.757,35.384],[-76.817,35.3965],[-76.904,35.444],[-76.945,35.4525],[-76.9765,35.438],[-76.994,35.497],[-76.949,35.488],[-76.9015,35.4655],[-76.822,35.453],[-76.7585,35.419],[-76.7045,35.4305],[-76.6,35.395],[-76.6065,35.4245],[-76.5925,35.4445],[-76.62,35.466],[-76.6065,35.4925],[-76.6475,35.5205],[-76.585,35.5495],[-76.5115,35.5375],[-76.463,35.541],[-76.4945,35.507],[-76.545,35.5135],[-76.575,35.4975],[-76.545,35.472],[-76.546,35.445],[-76.4985,35.3915],[-76.476,35.4075],[-76.4425,35.404],[-76.4025,35.4595],[-76.3735,35.343],[-76.3525,35.3635],[-76.363,35.384],[-76.3325,35.404],[-76.3105,35.3675],[-76.2685,35.3485],[-76.2605,35.37],[-76.218,35.349],[-76.1505,35.347],[-76.1185,35.373],[-76.065,35.3905],[-76.076,35.405],[-76.056,35.4415],[-76.0235,35.441],[-76.0105,35.479],[-75.973,35.497],[-75.9545,35.5305],[-75.897,35.579],[-75.8945,35.622],[-75.8495,35.587],[-75.825,35.596],[-75.8085,35.569],[-75.7825,35.599],[-75.754,35.612],[-75.741,35.643],[-75.7735,35.697],[-75.725,35.698],[-75.726,35.7405],[-75.743,35.768],[-75.722,35.829],[-75.743,35.87],[-75.7905,35.9325],[-75.853,35.98],[-75.867,35.9455],[-75.908,35.9385],[-75.99,35.887],[-75.99,35.764],[-75.995,35.7305],[-76.031,35.651],[-76.0445,35.6715],[-76.1,35.665],[-76.117,35.699],[-76.0545,35.684],[-76.037,35.699],[-76.0425,35.7375],[-76.065,35.768],[-76.051,35.819],[-76.0855,35.8635],[-76.046,35.8885],[-76.0235,35.9315],[-76.072,35.9185],[-76.0485,35.9835],[-76.1,36],[-76.1955,35.9935],[-76.284,35.973],[-76.307,35.958],[-76.289,35.926],[-76.353,35.9455],[-76.3875,35.9385],[-76.3875,35.973],[-76.42,35.9815],[-76.473,35.9725],[-76.558,35.9385],[-76.5915,35.9445],[-76.73,35.9455],[-76.695,35.9925],[-76.7095,36.041],[-76.7335,36.065],[-76.757,36.127],[-76.7565,36.1935],[-76.743,36.2315],[-76.711,36.237],[-76.73,36.1815],[-76.701,36.1105],[-76.687,36.056],[-76.6435,36.0385],[-76.627,36.062],[-76.5895,36.017],[-76.5245,36.0135],[-76.436,36.048],[-76.4115,36.083],[-76.3115,36.096],[-76.383,36.13],[-76.399,36.1485],[-76.394,36.178],[-76.3495,36.142],[-76.2445,36.104],[-76.1955,36.1035],[-76.2485,36.1635],[-76.279,36.1815],[-76.27,36.199],[-76.178,36.134],[-76.1265,36.131],[-76.0635,36.162],[-76.09,36.2005],[-76.1145,36.211],[-76.141,36.247],[-76.2025,36.3015],[-76.1335,36.2815],[-76.088,36.2455],[-76.0615,36.2365],[-76.0205,36.1915],[-75.908,36.165],[-75.9495,36.212],[-75.9765,36.314],[-75.9345,36.288],[-75.948,36.269],[-75.9145,36.247],[-75.9025,36.2145],[-75.88,36.199],[-75.8595,36.1615],[-75.8685,36.1365],[-75.838,36.098],[-75.8045,36.0755],[-75.7855,36.0815],[-75.8805,36.3005],[-75.9215,36.357],[-75.9165,36.4025],[-75.9735,36.401],[-75.9685,36.4325],[-76.0115,36.4605],[-76.037,36.501],[-76.031,36.548],[-75.9785,36.528],[-75.973,36.4995],[-75.901,36.496],[-75.9145,36.576],[-75.9685,36.5515],[-75.9755,36.6065],[-75.9625,36.7095],[-75.928,36.706],[-75.9005,36.6245],[-75.884,36.6045],[-75.8855,36.5625],[-75.8595,36.4735],[-75.825,36.3945],[-75.8185,36.329],[-75.8015,36.279],[-75.7735,36.234],[-75.7385,36.141],[-75.743,36.11],[-75.7235,36.059],[-75.687,36.05],[-75.6755,36],[-75.607,35.924],[-75.592,35.8975],[-75.5835,35.844],[-75.554,35.8535],[-75.564,35.8955],[-75.7145,36.13],[-75.757,36.2325],[-75.7865,36.282],[-75.797,36.343],[-75.812,36.3835],[-75.8635,36.5905],[-75.96,36.807],[-75.989,36.912],[-76.0045,36.9325],[-76.0355,36.935],[-76.078,36.9115],[-76.126,36.9165],[-76.269,36.9615],[-76.31,36.9595],[-76.3285,36.9295],[-76.301,36.9115],[-76.3175,36.8835],[-76.409,36.902],[-76.435,36.898],[-76.4975,36.865],[-76.476,36.908],[-76.4945,36.954],[-76.551,36.9965],[-76.5715,37.0275],[-76.6595,37.0435],[-76.673,37.067],[-76.6555,37.105],[-76.67,37.185],[-76.689,37.1885],[-76.718,37.15],[-76.763,37.1645],[-76.802,37.2065],[-76.8935,37.2065],[-76.9815,37.249],[-76.995,37.288],[-77.017,37.295],[-77.067,37.2665],[-77.089,37.2885],[-77.175,37.2885],[-77.2745,37.3165],[-77.2505,37.35],[-77.22,37.3285],[-77.1785,37.3295],[-77.1345,37.317],[-77.091,37.328],[-77.0455,37.2985],[-77.0035,37.323],[-76.982,37.3125],[-76.9315,37.2455],[-76.878,37.269],[-76.73,37.22],[-76.655,37.234],[-76.6175,37.199],[-76.62,37.1445],[-76.611,37.1195],[-76.524,37.0575],[-76.453,37.03],[-76.429,36.9765],[-76.3995,36.9785],[-76.357,37.005],[-76.296,37.0135],[-76.27,37.0695],[-76.2815,37.104],[-76.3255,37.114],[-76.298,37.1445],[-76.3465,37.1755],[-76.3795,37.1855],[-76.3735,37.22],[-76.403,37.234],[-76.468,37.214],[-76.606,37.296],[-76.6765,37.395],[-76.722,37.427],[-76.7645,37.487],[-76.794,37.4985],[-76.781,37.5355],[-76.73,37.4945],[-76.681,37.4275],[-76.6425,37.409],[-76.582,37.3305],[-76.5095,37.2695],[-76.496,37.249],[-76.4575,37.261],[-76.3785,37.2725],[-76.372,37.288],[-76.4035,37.35],[-76.4425,37.372],[-76.4425,37.391],[-76.4095,37.408],[-76.366,37.3845],[-76.3215,37.3865],[-76.2985,37.335],[-76.2575,37.3355],[-76.249,37.3635],[-76.2445,37.4495],[-76.3015,37.494],[-76.3565,37.522],[-76.366,37.549],[-76.319,37.553],[-76.284,37.5695],[-76.4045,37.594],[-76.443,37.6185],[-76.522,37.615],[-76.552,37.627],[-76.571,37.653],[-76.58,37.698],[-76.6135,37.7395],[-76.6685,37.7555],[-76.675,37.7885],[-76.716,37.788],[-76.767,37.842],[-76.788,37.883],[-76.866,37.942],[-76.88,37.9695],[-76.9225,37.981],[-76.9215,38.053],[-76.9605,38.0895],[-77.0315,38.104],[-77.0555,38.1495],[-77.1265,38.1555],[-77.126,38.176],[-77.0475,38.16],[-77.017,38.117],[-76.9625,38.111],[-76.9155,38.07],[-76.8955,38.0075],[-76.8505,37.982],[-76.8325,37.943],[-76.7695,37.9145],[-76.713,37.847],[-76.6625,37.8285],[-76.5835,37.7775],[-76.5715,37.7515],[-76.5245,37.6995],[-76.517,37.669],[-76.4895,37.6585],[-76.469,37.7085],[-76.4465,37.671],[-76.4045,37.6445],[-76.3495,37.628],[-76.318,37.637],[-76.339,37.669],[-76.284,37.6995],[-76.317,37.732],[-76.294,37.7715],[-76.325,37.8485],[-76.2995,37.851],[-76.25,37.823],[-76.236,37.8595],[-76.248,37.9035],[-76.373,37.9605],[-76.408,37.9695],[-76.469,38.001],[-76.485,38.022],[-76.5305,38.025],[-76.5205,38.053],[-76.5345,38.075],[-76.607,38.113],[-76.6145,38.1505],[-76.6475,38.145],[-76.6815,38.159],[-76.7395,38.1365],[-76.7565,38.161],[-76.83,38.1655],[-76.882,38.177],[-76.913,38.199],[-76.954,38.21],[-76.9655,38.267],[-77.0005,38.2775],[-77.03,38.3075],[-77.0145,38.3305],[-77.015,38.3725],[-77.041,38.396],[-77.0855,38.3685],[-77.1335,38.367],[-77.1665,38.348],[-77.249,38.33],[-77.292,38.3405],[-77.3265,38.451],[-77.2875,38.53],[-77.285,38.5565],[-77.258,38.5695],[-77.2585,38.594],[-77.23,38.6565],[-77.187,38.621],[-77.135,38.6365],[-77.1175,38.706],[-77.048,38.7155],[-77.0455,38.7005],[-77.0965,38.683],[-77.121,38.624],[-77.1845,38.605],[-77.2275,38.557],[-77.267,38.494],[-77.2555,38.3935],[-77.2035,38.3645],[-77.1455,38.3885],[-77.1135,38.433],[-77.134,38.4535],[-77.107,38.4675],[-77.105,38.4115],[-77.06,38.4285],[-77.0215,38.4615],[-76.9735,38.3445],[-76.9235,38.315],[-76.922,38.2915],[-76.839,38.257],[-76.839,38.3025],[-76.856,38.355],[-76.8275,38.363],[-76.8155,38.3365],[-76.804,38.2535],[-76.7545,38.2275],[-76.6975,38.238],[-76.6165,38.2235],[-76.563,38.1985],[-76.5305,38.1385],[-76.504,38.166],[-76.469,38.139],[-76.4485,38.176],[-76.4265,38.159],[-76.434,38.132],[-76.3515,38.0575],[-76.324,38.044],[-76.3405,38.1205],[-76.3205,38.139],[-76.3875,38.227],[-76.3965,38.267],[-76.3735,38.299],[-76.4065,38.3085],[-76.4505,38.293],[-76.494,38.33],[-76.5105,38.368],[-76.586,38.399],[-76.657,38.4505],[-76.6735,38.486],[-76.6745,38.5585],[-76.684,38.6535],[-76.672,38.6545],[-76.6475,38.5055],[-76.6365,38.474],[-76.6025,38.4445],[-76.543,38.4095],[-76.4835,38.392],[-76.4715,38.3355],[-76.4195,38.3215],[-76.393,38.3535],[-76.396,38.3915],[-76.4355,38.438],[-76.4955,38.496],[-76.512,38.5275],[-76.509,38.628],[-76.5295,38.676],[-76.5215,38.725],[-76.5505,38.755],[-76.5515,38.7755],[-76.504,38.8075],[-76.493,38.8445],[-76.539,38.8565],[-76.5215,38.887],[-76.4595,38.912],[-76.486,38.9865],[-76.5435,39.0315],[-76.571,39.0385],[-76.5515,39.077],[-76.512,39.022],[-76.4725,38.995],[-76.3985,39.0145],[-76.41,39.038],[-76.4765,39.064],[-76.469,39.0835],[-76.4255,39.074],[-76.4335,39.131],[-76.5175,39.1765],[-76.5365,39.2115],[-76.5635,39.216],[-76.5645,39.265],[-76.4925,39.2275],[-76.449,39.195],[-76.403,39.228],[-76.4475,39.2565],[-76.3905,39.2715],[-76.4235,39.3055],[-76.4245,39.3235],[-76.3415,39.3405],[-76.3365,39.369],[-76.4015,39.3925],[-76.325,39.4075],[-76.2915,39.357],[-76.284,39.3105],[-76.245,39.3495],[-76.267,39.379],[-76.253,39.454],[-76.216,39.4675],[-76.2295,39.3975],[-76.2095,39.3645],[-76.1225,39.411],[-76.074,39.449],[-76.065,39.471],[-76.1205,39.495],[-76.083,39.558],[-76.0085,39.5485],[-75.979,39.5675],[-75.947,39.5655],[-75.9995,39.4855],[-75.966,39.4815],[-75.905,39.5215],[-75.856,39.5775],[-75.8515,39.5385],[-75.894,39.5085],[-75.869,39.4805],[-75.9345,39.4745],[-75.974,39.451],[-76.0345,39.393],[-76.028,39.3625],[-76.1055,39.372],[-76.1335,39.3305],[-76.175,39.316],[-76.1805,39.288],[-76.213,39.262],[-76.2725,39.1515],[-76.2425,39.127],[-76.231,39.0585],[-76.2125,39.052],[-76.175,39.124],[-76.1305,39.118],[-76.077,39.1285],[-76.141,39.07],[-76.168,39.0565],[-76.147,39.0295],[-76.151,39.009],[-76.216,38.9745],[-76.285,38.9895],[-76.322,39.0065],[-76.3565,38.9485],[-76.3745,38.8415],[-76.3285,38.865],[-76.329,38.9165],[-76.2635,38.9325],[-76.247,38.951],[-76.193,38.9285],[-76.198,38.8785],[-76.1545,38.8955],[-76.106,38.878],[-76.188,38.8465],[-76.2125,38.8075],[-76.2595,38.839],[-76.3045,38.8225],[-76.3405,38.7285],[-76.2735,38.7145],[-76.2365,38.715],[-76.1985,38.675],[-76.1455,38.665],[-76.105,38.625],[-76.024,38.593],[-76.0535,38.568],[-76.0925,38.5935],[-76.115,38.588],[-76.182,38.618],[-76.2775,38.6245],[-76.2565,38.5975],[-76.2785,38.577],[-76.2425,38.5565],[-76.2105,38.5825],[-76.172,38.566],[-76.182,38.543],[-76.2425,38.521],[-76.2545,38.48],[-76.3045,38.5025],[-76.319,38.474],[-76.2955,38.4555],[-76.2825,38.422],[-76.221,38.344],[-76.221,38.3835],[-76.193,38.383],[-76.1335,38.323],[-76.1175,38.2985],[-76.081,38.284],[-76.049,38.2395],[-76.0285,38.242],[-76.0195,38.2945],[-76.037,38.3095],[-75.9905,38.362],[-75.9625,38.336],[-75.9925,38.304],[-75.9555,38.258],[-75.9315,38.317],[-75.8735,38.3715],[-75.9065,38.271],[-75.856,38.2195],[-75.9285,38.1935],[-75.9415,38.1555],[-75.848,38.152],[-75.8145,38.135],[-75.8335,38.089],[-75.7565,38.0925],[-75.8185,38.0425],[-75.8465,38.0395],[-75.8865,37.988],[-75.858,37.931],[-75.7865,37.976],[-75.6725,37.972],[-75.646,37.9495],[-75.6945,37.9395],[-75.743,37.912],[-75.671,37.8925],[-75.6745,37.8615],[-75.708,37.833],[-75.6945,37.8025],[-75.798,37.796],[-75.7775,37.7665],[-75.812,37.741],[-75.7885,37.7275],[-75.824,37.6965],[-75.8185,37.6725],[-75.861,37.669],[-75.8865,37.6445],[-75.8715,37.6295],[-75.9215,37.6105],[-75.9345,37.5765],[-75.894,37.5625],[-75.938,37.5375],[-75.952,37.516],[-75.926,37.4785],[-75.954,37.467],[-75.973,37.435],[-75.956,37.416],[-75.985,37.372],[-76.0105,37.3165],[-76,37.3035],[-76.017,37.258],[-75.996,37.24],[-76.001,37.1945],[-75.9665,37.135],[-75.936,37.135],[-75.9235,37.2445],[-75.8875,37.357],[-75.855,37.3975],[-75.8285,37.3905],[-75.8185,37.454],[-75.7715,37.4905],[-75.706,37.58],[-75.627,37.674],[-75.5605,37.744],[-75.4925,37.831],[-75.425,37.875],[-75.439,37.906],[-75.4195,37.92],[-75.4345,37.962],[-75.4215,37.988],[-75.3785,38.0115],[-75.334,38.1115],[-75.2905,38.111],[-75.257,38.168],[-75.2425,38.227],[-75.22,38.2475],[-75.1975,38.2325],[-75.1545,38.241],[-75.1045,38.316],[-75.0925,38.351],[-75.1255,38.3605],[-75.148,38.4135],[-75.104,38.395],[-75.085,38.461],[-75.044,38.454],[-75.0575,38.5525],[-75.126,38.59],[-75.152,38.5885],[-75.192,38.567],[-75.208,38.59],[-75.19,38.6065],[-75.1215,38.6215],[-75.1305,38.643],[-75.121,38.684],[-75.0865,38.6935],[-75.066,38.678],[-75.0845,38.796],[-75.1305,38.783],[-75.1665,38.7945],[-75.2445,38.86],[-75.3105,38.928],[-75.315,38.984],[-75.3425,39.02],[-75.394,39.0555],[-75.405,39.172],[-75.394,39.2245],[-75.4075,39.2705],[-75.4345,39.315],[-75.491,39.3535],[-75.528,39.4035],[-75.588,39.463],[-75.5545,39.541],[-75.5655,39.577],[-75.605,39.6165],[-75.587,39.656],[-75.551,39.666],[-75.4875,39.7315],[-75.4765,39.772],[-75.4275,39.8035],[-75.3915,39.8395],[-75.2975,39.8715],[-75.2485,39.8675],[-75.148,39.9025],[-75.1195,39.974],[-75.0395,40.0025],[-75.079,39.9535],[-75.12,39.9405],[-75.0985,39.9065],[-75.144,39.875],[-75.229,39.8545],[-75.311,39.843],[-75.3675,39.824],[-75.44,39.777],[-75.462,39.748],[-75.4635,39.7195],[-75.501,39.6885],[-75.51,39.6525],[-75.5575,39.621],[-75.5105,39.5595],[-75.5315,39.478],[-75.4775,39.441],[-75.3595,39.338],[-75.321,39.3335],[-75.3035,39.3035],[-75.2495,39.297],[-75.234,39.2735],[-75.167,39.2345],[-75.1595,39.1985],[-75.129,39.1875],[-75.0925,39.2075],[-75.0265,39.2105],[-75.022,39.1895],[-74.9385,39.1925],[-74.9065,39.1795],[-74.8875,39.147],[-74.8945,39.1075],[-74.9525,39.0075],[-74.9675,38.936],[-74.933,38.9265],[-74.875,38.9445],[-74.8035,38.9875],[-74.7835,39.015],[-74.788,39.039],[-74.7455,39.0545],[-74.7085,39.0975],[-74.7015,39.1245],[-74.6545,39.2015],[-74.621,39.223],[-74.579,39.268],[-74.6425,39.289],[-74.6145,39.3125],[-74.5505,39.3105],[-74.555,39.3295],[-74.5095,39.379],[-74.482,39.3645],[-74.521,39.3305],[-74.503,39.318],[-74.4135,39.357],[-74.462,39.4265],[-74.433,39.456],[-74.3965,39.447],[-74.38,39.4875],[-74.4015,39.5025],[-74.387,39.5445],[-74.359,39.55],[-74.3215,39.5295],[-74.3285,39.576],[-74.291,39.605],[-74.2565,39.6115],[-74.2435,39.6435],[-74.211,39.651],[-74.199,39.676],[-74.1675,39.6995],[-74.1635,39.735],[-74.19,39.744],[-74.166,39.8065],[-74.1275,39.8485],[-74.137,39.891],[-74.11,39.9215],[-74.1025,39.971],[-74.122,39.9975],[-74.1035,40.014],[-74.0575,40.012],[-74.072,39.973],[-74.1005,39.783],[-74.0725,39.8755],[-74.0255,40.111],[-73.992,40.227],[-73.9725,40.3275],[-73.971,40.3945],[-73.979,40.4495],[-74.0325,40.4215],[-74.12,40.4455],[-74.197,40.441],[-74.2565,40.46],[-74.2825,40.4975],[-74.264,40.5135],[-74.2605,40.552],[-74.2215,40.572],[-74.2095,40.634],[-74.15,40.664],[-74.131,40.645],[-74.096,40.655],[-74.071,40.687],[-74.032,40.714],[-74.0145,40.766],[-73.9545,40.8585],[-73.918,40.9315],[-73.9065,41.0165],[-73.9205,41.102],[-73.918,41.1635],[-73.9525,41.1895],[-73.97,41.219],[-73.982,41.284],[-73.8955,41.203],[-73.8755,41.1535],[-73.872,41.0335],[-73.898,40.9305],[-73.922,40.887],[-73.909,40.8685],[-73.9325,40.8255],[-73.927,40.805],[-73.7975,40.813],[-73.82,40.839],[-73.8115,40.871],[-73.788,40.872],[-73.7645,40.91],[-73.711,40.953],[-73.677,40.955],[-73.6345,41.007],[-73.565,41.019],[-73.3325,41.1135],[-73.2715,41.1175],[-73.209,41.1565],[-73.17,41.1695],[-73.134,41.147],[-73.1085,41.1485],[-73.0945,41.1915],[-73.0535,41.2115],[-73.014,41.2065],[-72.9675,41.2565],[-72.906,41.3005],[-72.8925,41.245],[-72.7795,41.27],[-72.7275,41.27],[-72.6865,41.2565],[-72.662,41.274],[-72.605,41.284],[-72.508,41.2565],[-72.475,41.281],[-72.4335,41.29],[-72.37,41.2765],[-72.347,41.3075],[-72.288,41.283],[-72.1945,41.324],[-72.1105,41.311],[-72.0835,41.352],[-72.036,41.318],[-71.973,41.3435],[-71.898,41.3465],[-71.829,41.317],[-71.754,41.331],[-71.599,41.3675],[-71.5305,41.3765],[-71.4975,41.3665],[-71.455,41.406],[-71.426,41.4685],[-71.4245,41.539],[-71.443,41.5745],[-71.4125,41.6125],[-71.414,41.653],[-71.447,41.677],[-71.4185,41.6945],[-71.3845,41.674],[-71.3675,41.724],[-71.3915,41.7425],[-71.395,41.8055],[-71.3705,41.792],[-71.3555,41.7465],[-71.309,41.722],[-71.302,41.6595],[-71.2605,41.651],[-71.221,41.7315],[-71.186,41.722],[-71.207,41.646],[-71.202,41.5025],[-71.186,41.4685],[-71.122,41.513],[-71.0495,41.552],[-71.04,41.507],[-70.925,41.5505],[-70.9315,41.5805],[-70.9075,41.615],[-70.7745,41.646],[-70.722,41.7015],[-70.7105,41.748],[-70.6585,41.722],[-70.652,41.654],[-70.6585,41.5215],[-70.596,41.553],[-70.5045,41.5635],[-70.459,41.5915],[-70.4285,41.632],[-70.3915,41.619],[-70.366,41.633],[-70.319,41.6325],[-70.24,41.6435],[-70.1855,41.6605],[-70.137,41.6605],[-69.978,41.682],[-69.939,41.674],[-69.934,41.793],[-69.9565,41.808],[-69.939,41.832],[-69.9435,41.8575],[-69.982,41.9535],[-70.051,42.04],[-70.081,42.0585],[-70.1465,42.081],[-70.2295,42.0805],[-70.2315,42.057],[-70.19,42.0495],[-70.1655,42.064],[-70.1,42.0375],[-70.08,41.995],[-70.0685,41.8935],[-70.038,41.9415],[-70.002,41.882],[-70,41.8165],[-70.0215,41.791],[-70.07,41.7735],[-70.1915,41.747],[-70.2745,41.715],[-70.3155,41.7155],[-70.3265,41.7315],[-70.439,41.756],[-70.5045,41.79],[-70.533,41.816],[-70.524,41.8685],[-70.545,41.9405],[-70.566,41.9555],[-70.655,41.957],[-70.715,42.0025],[-70.665,42.0105],[-70.656,42.058],[-70.628,42.059],[-70.631,42.0925],[-70.7135,42.1755],[-70.7165,42.212],[-70.784,42.2595],[-70.88,42.2765],[-70.9555,42.2435],[-70.963,42.28],[-70.999,42.284],[-71.0385,42.308],[-70.9835,42.3765],[-70.9745,42.4165],[-70.9155,42.4695],[-70.885,42.473],[-70.838,42.499],[-70.8615,42.547],[-70.8105,42.563],[-70.709,42.582],[-70.6865,42.6065],[-70.6475,42.6045],[-70.602,42.6485],[-70.598,42.665],[-70.659,42.6845],[-70.7015,42.6535],[-70.757,42.657],[-70.8195,42.7185],[-70.801,42.7925],[-70.8535,42.817],[-70.807,42.835],[-70.8155,42.8705],[-70.8035,42.914],[-70.782,42.949],[-70.7285,43.0115],[-70.7095,43.065],[-70.7545,43.059],[-70.7315,43.1145],[-70.687,43.092],[-70.66,43.094],[-70.631,43.147],[-70.569,43.229],[-70.5815,43.275],[-70.5195,43.3395],[-70.4545,43.3505],[-70.4035,43.39],[-70.3825,43.3935],[-70.3625,43.445],[-70.3705,43.4865],[-70.3565,43.527],[-70.3255,43.5495],[-70.2925,43.5345],[-70.205,43.561],[-70.198,43.6095],[-70.2325,43.664],[-70.239,43.7],[-70.2085,43.7155],[-70.1825,43.757],[-70.109,43.8065],[-70.0395,43.83],[-69.986,43.863],[-69.942,43.8415],[-69.91,43.8015],[-69.8445,43.827],[-69.858,43.7545],[-69.8395,43.7095],[-69.7875,43.7375],[-69.7805,43.7635],[-69.801,43.825],[-69.802,43.8605],[-69.8215,43.961],[-69.883,43.9635],[-69.8645,43.9975],[-69.8175,44.0365],[-69.802,44.0145],[-69.8075,43.983],[-69.794,43.8975],[-69.7805,43.863],[-69.758,43.7595],[-69.7305,43.776],[-69.7075,43.827],[-69.732,43.8695],[-69.759,43.8865],[-69.657,44.009],[-69.6365,44.0035],[-69.657,43.9555],[-69.6495,43.8975],[-69.669,43.867],[-69.61,43.8395],[-69.578,43.8555],[-69.595,43.883],[-69.586,43.9485],[-69.545,44.012],[-69.529,44.0045],[-69.5675,43.9415],[-69.5145,43.8555],[-69.479,43.8805],[-69.448,43.9675],[-69.4305,43.993],[-69.37,44.0215],[-69.314,43.9865],[-69.299,43.9505],[-69.2385,44.0075],[-69.229,43.991],[-69.2595,43.9555],[-69.2635,43.93],[-69.1915,43.952],[-69.1915,43.993],[-69.142,43.9985],[-69.119,44.041],[-69.076,44.0525],[-69.0885,44.1365],[-69.0535,44.185],[-69.036,44.2325],[-68.999,44.295],[-68.9455,44.317],[-68.9445,44.349],[-68.973,44.384],[-68.9865,44.421],[-68.9195,44.4415],[-68.8795,44.4685],[-68.8275,44.479],[-68.8015,44.5605],[-68.746,44.555],[-68.7425,44.5375],[-68.8005,44.4455],[-68.816,44.402],[-68.766,44.397],[-68.7535,44.3675],[-68.804,44.369],[-68.821,44.3145],[-68.756,44.3345],[-68.6835,44.2945],[-68.6335,44.2965],[-68.5415,44.2375],[-68.513,44.2465],[-68.526,44.295],[-68.56,44.3185],[-68.542,44.357],[-68.563,44.4005],[-68.5045,44.4135],[-68.4645,44.4345],[-68.46,44.462],[-68.4235,44.471],[-68.423,44.405],[-68.3865,44.4245],[-68.3545,44.466],[-68.317,44.451],[-68.27,44.486],[-68.3135,44.5105],[-68.308,44.529],[-68.2585,44.5205],[-68.2545,44.4935],[-68.2175,44.501],[-68.1895,44.4695],[-68.158,44.497],[-68.1115,44.48],[-68.1125,44.4415],[-68.0975,44.3855],[-68.0605,44.3285],[-68.0195,44.3765],[-67.9745,44.3955],[-67.989,44.4665],[-67.937,44.4085],[-67.8995,44.422],[-67.885,44.467],[-67.8525,44.4825],[-67.8525,44.5085],[-67.875,44.542],[-67.846,44.5515],[-67.837,44.5775],[-67.8065,44.5755],[-67.786,44.542],[-67.752,44.538],[-67.74,44.5105],[-67.714,44.501],[-67.6835,44.548],[-67.649,44.5685],[-67.6385,44.5315],[-67.612,44.5265],[-67.575,44.5535],[-67.566,44.61],[-67.539,44.646],[-67.4725,44.603],[-67.4505,44.6195],[-67.4045,44.6055],[-67.382,44.624],[-67.3715,44.6575],[-67.3895,44.6825],[-67.332,44.7095],[-67.311,44.6825],[-67.327,44.6575],[-67.2805,44.6315],[-67.269,44.655],[-67.2245,44.644],[-67.169,44.671],[-67.113,44.7165],[-67.0735,44.767],[-67.0325,44.767],[-66.9775,44.8155],[-66.9915,44.8435],[-67.0435,44.894],[-67.1145,44.847],[-67.163,44.8665],[-67.2035,44.905],[-67.185,44.917],[-67.1385,44.8905],[-67.113,44.9155],[-67.0625,44.9315],[-67.052,44.9835],[-67.077,45.021],[-67.1045,45.038],[-67.1005,45.0695],[-67.154,45.119],[-67.1725,45.155],[-67.204,45.1575],[-67.206,45.1895],[-67.2425,45.2025],[-67.277,45.195],[-67.2845,45.1695],[-67.319,45.154],[-67.3565,45.166],[-67.4275,45.2365],[-67.4715,45.2665],[-67.475,45.2825],[-67.4345,45.3505],[-67.429,45.387],[-67.4825,45.4555],[-67.493,45.493],[-67.426,45.5335],[-67.422,45.569],[-67.45,45.611],[-67.552,45.6105],[-67.6605,45.6375],[-67.705,45.664],[-67.7175,45.6855],[-67.762,45.68],[-67.8,45.7],[-67.811,45.7665],[-67.773,45.828],[-67.799,45.8755],[-67.7595,45.9285],[-67.7845,45.96],[-67.7895,46.229],[-67.8,46.767],[-67.805,47.0355],[-67.8135,47.082],[-67.8705,47.1075],[-67.899,47.139],[-67.9435,47.1645],[-67.9625,47.1975],[-68.1015,47.286],[-68.156,47.3065],[-68.197,47.3415],[-68.2465,47.3605],[-68.2995,47.368],[-68.348,47.3585],[-68.382,47.328],[-68.3855,47.3015],[-68.4355,47.2915],[-68.4665,47.3055],[-68.5395,47.3],[-68.585,47.2825],[-68.644,47.2455],[-68.718,47.245],[-68.762,47.237],[-68.8895,47.1905],[-68.906,47.19],[-69.04,47.249],[-69.0575,47.2695],[-69.066,47.3295],[-69.054,47.4185],[-69.0695,47.432],[-69.222,47.4595],[-69.2675,47.44],[-69.448,47.2605],[-69.8095,46.9015],[-70.008,46.704],[-70.0235,46.6615],[-70.062,46.4455],[-70.0745,46.4195],[-70.1885,46.3585],[-70.202,46.3055],[-70.236,46.2885],[-70.281,46.212],[-70.244,46.141],[-70.2645,46.1065],[-70.3115,46.072],[-70.293,46.054],[-70.317,45.999],[-70.304,45.9685],[-70.263,45.957],[-70.2625,45.923],[-70.3125,45.8675],[-70.39,45.825],[-70.417,45.794],[-70.404,45.771],[-70.4075,45.7315],[-70.439,45.706],[-70.473,45.7035],[-70.5895,45.652],[-70.687,45.5725],[-70.7305,45.508],[-70.723,45.471],[-70.6505,45.4275],[-70.6535,45.3955],[-70.6965,45.3885],[-70.772,45.43],[-70.813,45.4235],[-70.834,45.393],[-70.8355,45.31],[-70.8725,45.274],[-70.8745,45.2455],[-70.907,45.246],[-70.9515,45.332],[-70.968,45.3445],[-71.0165,45.343],[-71.0545,45.3105],[-71.095,45.301],[-71.1415,45.2525],[-71.2095,45.255],[-71.2935,45.2925],[-71.3345,45.2885],[-71.395,45.2415],[-71.439,45.2335],[-71.4065,45.205],[-71.4415,45.1505],[-71.4565,45.111],[-71.505,45.053],[-71.504,45.0135],[-71.8035,45.012],[-72.302,45.01],[-72.8005,45.0075],[-73.399,45.0045],[-73.898,45.002],[-74.197,45.0005],[-74.696,44.998],[-74.8685,45.01],[-74.9985,44.9725],[-75.0585,44.941],[-75.1295,44.925],[-75.27,44.864],[-75.6995,44.5815],[-75.7915,44.4965],[-75.77,44.446],[-75.781,44.4325],[-75.8455,44.4015],[-75.8565,44.3795],[-75.909,44.3635],[-75.924,44.348],[-76.054,44.2655],[-76.1835,44.223],[-76.3575,44.1315],[-76.3605,44.096],[-76.3295,44.085],[-76.2875,44.0375],[-76.2745,44.062],[-76.2095,44.0855],[-76.1615,44.0775],[-76.1325,44.046],[-76.1845,44.0125],[-76.206,43.9835],[-76.144,43.9835],[-76.098,44.007],[-76.0605,43.9885],[-76.1335,43.9565],[-76.146,43.917],[-76.205,43.8745],[-76.2785,43.884],[-76.303,43.8585],[-76.2485,43.824],[-76.2095,43.7375],[-76.2205,43.695],[-76.168,43.6685],[-76.2105,43.6235],[-76.2155,43.6015],[-76.188,43.5865],[-76.2465,43.5385],[-76.334,43.521],[-76.4195,43.534],[-76.4905,43.484],[-76.595,43.4475],[-76.668,43.4015],[-76.713,43.339],[-76.7625,43.3385],[-76.827,43.3165],[-76.93,43.301],[-76.947,43.2595],[-76.983,43.2845],[-77.3665,43.298],[-77.4125,43.291],[-77.538,43.257],[-77.583,43.257],[-77.6245,43.2715],[-77.696,43.319],[-77.749,43.3445],[-78.1065,43.394],[-78.227,43.38],[-78.38,43.396],[-78.6895,43.3615],[-78.754,43.338],[-78.862,43.3245],[-78.9905,43.287],[-79.0585,43.278],[-79.0485,43.1705],[-79.065,43.1055],[-79.026,43.0865],[-78.915,43.0765],[-78.888,43.0515],[-78.893,43.0295],[-78.928,43.002],[-78.9365,42.9795],[-78.909,42.9525],[-78.9015,42.908],[-78.8675,42.8455],[-78.871,42.7985],[-78.916,42.7575],[-79.0315,42.714],[-79.0595,42.6885],[-79.0965,42.6345],[-79.1175,42.627],[-79.1505,42.581],[-79.235,42.557],[-79.256,42.5355],[-79.3685,42.49],[-79.424,42.4545],[-79.471,42.407],[-79.5265,42.384],[-79.56,42.358],[-79.6285,42.339],[-79.752,42.272],[-79.889,42.2295],[-79.933,42.2055],[-79.974,42.1955],[-80.019,42.167],[-80.111,42.1315],[-80.1495,42.1415],[-80.1625,42.1185],[-80.2105,42.0925],[-80.376,42.0235],[-80.4395,42.014],[-80.47,41.997],[-80.7805,41.919],[-80.8125,41.9015],[-80.8695,41.8935],[-80.896,41.873],[-80.957,41.855],[-81.026,41.8455],[-81.3485,41.7295],[-81.672,41.522],[-81.743,41.4975],[-81.799,41.508],[-81.839,41.492],[-81.8775,41.49],[-81.998,41.512],[-82.0405,41.511],[-82.173,41.483],[-82.251,41.45],[-82.2945,41.441],[-82.363,41.439],[-82.4385,41.399],[-82.505,41.3955],[-82.5465,41.4115],[-82.6165,41.4545],[-82.63,41.446],[-82.709,41.4685],[-82.7595,41.463],[-82.7875,41.476],[-82.829,41.4705],[-82.9255,41.4325],[-82.979,41.4685],[-82.959,41.4895],[-82.8675,41.5035],[-82.822,41.4955],[-82.7665,41.515],[-82.6985,41.517],[-82.711,41.543],[-82.759,41.5515],[-82.7855,41.5435],[-82.828,41.5865],[-82.856,41.551],[-82.8845,41.5365],[-82.938,41.5315],[-83.019,41.5535],[-83.0955,41.6195],[-83.156,41.626],[-83.2185,41.646],[-83.315,41.709],[-83.3815,41.703],[-83.459,41.7215],[-83.4625,41.7595],[-83.4245,41.7635],[-83.4205,41.8105],[-83.371,41.8775],[-83.336,41.887],[-83.3095,41.935],[-83.26,41.9345],[-83.267,41.9825],[-83.2215,41.9945],[-83.1995,42.038],[-83.188,42.0955],[-83.146,42.233],[-83.1255,42.2685],[-83.0425,42.341],[-82.938,42.366],[-82.89,42.4035],[-82.8725,42.45],[-82.8835,42.4965],[-82.8635,42.5575],[-82.7735,42.5995],[-82.8145,42.6315],[-82.815,42.652],[-82.767,42.6655],[-82.7055,42.702],[-82.6315,42.6695],[-82.6445,42.6405],[-82.637,42.5995],[-82.576,42.572],[-82.549,42.591],[-82.5115,42.6465],[-82.4835,42.7195],[-82.4715,42.78],[-82.4855,42.8185],[-82.453,42.919],[-82.4145,42.983],[-82.4165,43.017],[-82.476,43.102],[-82.5265,43.2765],[-82.547,43.451],[-82.5795,43.5285],[-82.637,43.812],[-82.6725,43.87],[-82.6895,43.9215],[-82.7425,43.9815],[-82.8115,44.026],[-82.9235,44.07],[-82.9685,44.0705],[-83.0335,44.052],[-83.0865,44.014],[-83.1325,44.008],[-83.1685,43.9905],[-83.2405,43.989],[-83.267,43.9765],[-83.3015,43.9385],[-83.3475,43.9135],[-83.336,43.9015],[-83.389,43.8545],[-83.404,43.8135],[-83.4525,43.7645],[-83.4905,43.703],[-83.538,43.7265],[-83.6045,43.6515],[-83.6395,43.6235],[-83.679,43.608],[-83.7195,43.6135],[-83.761,43.6335],[-83.812,43.6445],[-83.9045,43.682],[-83.9435,43.728],[-83.9495,43.756],[-83.9325,43.7915],[-83.9315,43.84],[-83.91,43.86],[-83.9255,43.8805],[-83.8895,43.9585],[-83.8635,43.99],[-83.822,44.0045],[-83.7745,43.997],[-83.7365,44.011],[-83.696,44.0045],[-83.6785,44.045],[-83.5925,44.0625],[-83.5725,44.1045],[-83.554,44.2305],[-83.5325,44.266],[-83.4935,44.2855],[-83.4525,44.2855],[-83.3915,44.3265],[-83.3535,44.3295],[-83.3285,44.3675],[-83.3215,44.408],[-83.315,44.624],[-83.2875,44.703],[-83.309,44.833],[-83.3425,44.8925],[-83.4055,44.9275],[-83.4345,44.9535],[-83.46,44.998],[-83.4345,45.065],[-83.3805,45.08],[-83.336,45.0465],[-83.305,45.096],[-83.322,45.162],[-83.358,45.1715],[-83.409,45.238],[-83.3835,45.279],[-83.4655,45.339],[-83.51,45.3585],[-83.6035,45.367],[-83.6745,45.387],[-83.7195,45.4225],[-83.767,45.4225],[-83.844,45.4415],[-83.8975,45.484],[-83.943,45.501],[-84.096,45.5045],[-84.141,45.5455],[-84.15,45.5785],[-84.224,45.6425],[-84.318,45.674],[-84.4585,45.6705],[-84.499,45.6815],[-84.576,45.7305],[-84.7065,45.7785],[-84.7385,45.8],[-84.7745,45.8],[-84.823,45.765],[-84.9945,45.772],[-84.9455,45.737],[-84.9945,45.683],[-85.0825,45.6315],[-85.1035,45.6005],[-85.104,45.527],[-85.0695,45.471],[-85.021,45.439],[-84.93,45.429],[-84.9355,45.396],[-84.986,45.383],[-85.042,45.3795],[-85.13,45.3835],[-85.1745,45.377],[-85.3345,45.3155],[-85.3915,45.265],[-85.3995,45.227],[-85.378,45.101],[-85.3925,45.01],[-85.424,44.93],[-85.4685,44.8585],[-85.5345,44.7745],[-85.566,44.769],[-85.5455,44.844],[-85.5095,44.88],[-85.485,44.993],[-85.522,44.998],[-85.539,44.935],[-85.5695,44.9085],[-85.587,44.827],[-85.628,44.7955],[-85.6595,44.8545],[-85.607,44.9495],[-85.623,45.0245],[-85.579,45.0615],[-85.604,45.1145],[-85.6035,45.144],[-85.563,45.1655],[-85.5405,45.2135],[-85.642,45.186],[-85.693,45.1145],[-85.7615,45.0625],[-85.8195,44.965],[-85.847,44.9495],[-85.937,44.9835],[-86.001,44.9155],[-86.0595,44.9225],[-86.081,44.903],[-86.077,44.8715],[-86.09,44.782],[-86.103,44.7475],[-86.166,44.7515],[-86.226,44.731],[-86.2695,44.6885],[-86.2415,44.6345],[-86.234,44.5855],[-86.2635,44.4955],[-86.2685,44.45],[-86.254,44.4175],[-86.2675,44.3745],[-86.3375,44.2755],[-86.381,44.1985],[-86.4125,44.162],[-86.4885,44.1125],[-86.5185,44.083],[-86.522,44.045],[-86.4525,43.958],[-86.4615,43.935],[-86.437,43.822],[-86.442,43.785],[-86.4675,43.751],[-86.522,43.699],[-86.5395,43.6665],[-86.543,43.6275],[-86.505,43.5395],[-86.3565,43.258],[-86.261,43.257],[-86.324,43.207],[-86.2725,43.1035],[-86.264,43.0635],[-86.2225,42.9645],[-86.219,42.7095],[-86.273,42.472],[-86.3025,42.397],[-86.379,42.255],[-86.4925,42.1295],[-86.603,41.94],[-86.6565,41.876],[-86.721,41.8245],[-86.7805,41.7985],[-86.801,41.777],[-87.0295,41.681],[-87.2015,41.635],[-87.292,41.628],[-87.386,41.64],[-87.423,41.654],[-87.4265,41.688],[-87.459,41.6785],[-87.4935,41.698],[-87.5775,41.7885],[-87.5945,41.82],[-87.6185,41.8935],[-87.6485,41.9445],[-87.6615,42.033],[-87.6875,42.085],[-87.723,42.097],[-87.7515,42.125],[-87.763,42.157],[-87.797,42.2055],[-87.8225,42.2795],[-87.826,42.355],[-87.812,42.3855],[-87.8035,42.4825],[-87.8105,42.5685],[-87.8025,42.6],[-87.8105,42.6535],[-87.7805,42.704],[-87.77,42.7715],[-87.783,42.812],[-87.8385,42.877],[-87.841,42.9585],[-87.8655,43.004],[-87.893,43.0095],[-87.8955,43.0405],[-87.872,43.096],[-87.9,43.124],[-87.885,43.178],[-87.906,43.2315],[-87.9075,43.267],[-87.872,43.3735],[-87.808,43.466],[-87.7935,43.506],[-87.8035,43.538],[-87.7875,43.5815],[-87.726,43.6625],[-87.7005,43.7095],[-87.7005,43.778],[-87.732,43.8235],[-87.7245,43.9255],[-87.7035,43.957],[-87.69,44.0125],[-87.6375,44.1005],[-87.6075,44.1265],[-87.55,44.1485],[-87.5135,44.179],[-87.496,44.2205],[-87.543,44.278],[-87.55,44.313],[-87.5195,44.3805],[-87.4855,44.526],[-87.4405,44.607],[-87.3925,44.651],[-87.3655,44.6925],[-87.3295,44.7815],[-87.328,44.8035],[-87.3715,44.819],[-87.4195,44.8675],[-87.45,44.886],[-87.4935,44.864],[-87.516,44.875],[-87.5545,44.8455],[-87.5895,44.856],[-87.66,44.813],[-87.7285,44.7235],[-87.7195,44.7085],[-87.767,44.6565],[-87.8385,44.6345],[-87.9045,44.5935],[-87.9225,44.553],[-87.9445,44.5425],[-87.9955,44.5455],[-88.0325,44.5675],[-88.0205,44.6385],[-87.989,44.675],[-87.9955,44.6965],[-87.9715,44.7405],[-87.939,44.764],[-87.9135,44.8205],[-87.8585,44.8665],[-87.841,44.8935],[-87.852,44.9225],[-87.823,44.949],[-87.777,44.963],[-87.6875,44.9775],[-87.6365,45.007],[-87.6325,45.061],[-87.598,45.108],[-87.6035,45.1735],[-87.5605,45.191],[-87.345,45.4225],[-87.328,45.4675],[-87.3,45.491],[-87.282,45.539],[-87.2125,45.6105],[-87.1735,45.669],[-87.0945,45.7],[-87.0775,45.7345],[-87.0565,45.818],[-87.018,45.858],[-86.9995,45.9095],[-86.968,45.8885],[-86.9965,45.8525],[-87.002,45.823],[-86.9815,45.7855],[-86.9835,45.705],[-86.8885,45.719],[-86.857,45.7315],[-86.7825,45.834],[-86.779,45.8655],[-86.7385,45.868],[-86.6775,45.8425],[-86.627,45.8745],[-86.57,45.8925],[-86.536,45.868],[-86.569,45.8025],[-86.563,45.781],[-86.6285,45.7845],[-86.6765,45.707],[-86.7125,45.6735],[-86.69,45.645],[-86.632,45.6105],[-86.611,45.6235],[-86.6245,45.653],[-86.569,45.7185],[-86.537,45.727],[-86.5245,45.762],[-86.4475,45.7785],[-86.4265,45.8],[-86.374,45.8065],[-86.3315,45.883],[-86.298,45.9265],[-86.252,45.9545],[-86.08,45.9735],[-85.9785,45.955],[-85.9235,45.953],[-85.8975,45.9755],[-85.79,45.987],[-85.662,45.985],[-85.6445,45.9915],[-85.6105,46.0385],[-85.5455,46.098],[-85.5255,46.107],[-85.4455,46.1015],[-85.405,46.115],[-85.3705,46.0955],[-85.3395,46.1095],[-85.261,46.075],[-85.1705,46.0695],[-85.118,46.0465],[-85.021,46.025],[-84.9465,45.9715],[-84.915,45.9365],[-84.852,45.917],[-84.8245,45.8805],[-84.781,45.8625],[-84.7345,45.857],[-84.724,45.8825],[-84.73,45.9525],[-84.7195,45.978],[-84.6885,45.991],[-84.6775,46.0435],[-84.6565,46.0565],[-84.541,46.027],[-84.5335,45.9955],[-84.4535,46.0135],[-84.3975,46.0085],[-84.356,45.9915],[-84.3325,46.0055],[-84.2885,45.9915],[-84.223,45.9935],[-84.0225,45.964],[-83.903,45.982],[-83.8905,46.0115],[-83.946,46.0385],[-83.9975,46.048],[-84.0495,46.0935],[-84.0545,46.1165],[-84.028,46.1495],[-84.108,46.1665],[-84.1175,46.1835],[-84.1935,46.1895],[-84.2165,46.174],[-84.2585,46.2125],[-84.2025,46.2505],[-84.2245,46.3555],[-84.1775,46.352],[-84.1225,46.3315],[-84.1055,46.3475],[-84.1475,46.4],[-84.159,46.4335],[-84.1105,46.5265],[-84.1975,46.5465],[-84.3055,46.5015],[-84.3525,46.5225],[-84.423,46.5115],[-84.529,46.43],[-84.57,46.4235],[-84.6035,46.4375],[-84.594,46.458],[-84.6185,46.4845],[-84.6565,46.502],[-84.715,46.4785],[-84.7865,46.4595],[-84.8355,46.4595],[-84.959,46.505],[-85.008,46.492],[-85.0395,46.505],[-85.056,46.533],[-85.018,46.573],[-85.031,46.607],[-85.0135,46.724],[-84.9525,46.7865],[-85.039,46.7725],[-85.123,46.78],[-85.2005,46.7755],[-85.293,46.7545],[-85.4755,46.6895],[-85.522,46.684],[-85.8605,46.7085],[-86.091,46.6755],[-86.1455,46.6905],[-86.283,46.622],[-86.3965,46.586],[-86.4365,46.5625],[-86.4885,46.5535],[-86.5465,46.516],[-86.6255,46.444],[-86.652,46.457],[-86.702,46.461],[-86.76,46.501],[-86.8105,46.471],[-86.882,46.46],[-86.897,46.483],[-86.93,46.488],[-86.9705,46.5405],[-87.0085,46.5535],[-87.042,46.539],[-87.081,46.5395],[-87.1115,46.5125],[-87.183,46.5175],[-87.226,46.5025],[-87.348,46.5165],[-87.3875,46.547],[-87.3925,46.5975],[-87.4595,46.6255],[-87.468,46.6495],[-87.506,46.6735],[-87.529,46.708],[-87.598,46.7655],[-87.6295,46.8285],[-87.6605,46.82],[-87.677,46.8515],[-87.731,46.855],[-87.749,46.8825],[-87.7965,46.901],[-87.903,46.921],[-88.064,46.931],[-88.119,46.9275],[-88.1985,46.9115],[-88.2465,46.8565],[-88.2765,46.861],[-88.2395,46.913],[-88.1545,46.953],[-88.1735,46.972],[-88.235,46.944],[-88.3395,46.881],[-88.389,46.8725],[-88.3865,46.8545],[-88.441,46.8005],[-88.4585,46.797],[-88.483,46.848],[-88.441,46.982],[-88.4615,47.02],[-88.518,47.062],[-88.508,47.101],[-88.5355,47.125],[-88.613,47.136],[-88.635,47.151],[-88.626,47.2145],[-88.636,47.237],[-88.684,47.228],[-88.852,47.1285],[-88.8865,47.115],[-88.916,47.073],[-88.9685,47.019],[-89.0615,46.999],[-89.131,47.006],[-89.227,46.936],[-89.308,46.8935],[-89.3975,46.864],[-89.794,46.83],[-89.835,46.8155],[-90.0175,46.6975],[-90.0595,46.6805],[-90.237,46.6405],[-90.2895,46.617],[-90.362,46.6085],[-90.4355,46.5765],[-90.57,46.607],[-90.662,46.6445],[-90.73,46.684],[-90.781,46.637],[-90.901,46.602],[-90.956,46.6075],[-90.9275,46.647],[-90.863,46.701],[-90.874,46.742],[-90.8545,46.799],[-90.8185,46.8165],[-90.7935,46.8615],[-90.7615,46.8975],[-90.799,46.9455],[-90.8395,46.9645],[-90.8845,46.9685],[-90.8945,46.95],[-90.966,46.95],[-91.045,46.9165],[-91.0535,46.898],[-91.0995,46.8895],[-91.128,46.8595],[-91.19,46.8615],[-91.225,46.8845],[-91.2745,46.8535],[-91.4145,46.7945],[-91.4905,46.7725],[-91.57,46.7645],[-91.793,46.706],[-91.9635,46.6905],[-92.059,46.724],[-92.114,46.7725],[-92.0955,46.804],[-92.048,46.8345],[-91.9565,46.8755],[-91.8975,46.9115],[-91.7985,46.95],[-91.7455,46.9925],[-91.655,47.0335],[-91.634,47.06],[-91.598,47.073],[-91.582,47.0965],[-91.511,47.122],[-91.2615,47.3075],[-91.0125,47.493],[-90.949,47.5125],[-90.7915,47.616],[-90.533,47.7115],[-90.396,47.742],[-90.3285,47.75],[-90.2875,47.768],[-90.0855,47.8115],[-89.743,47.931],[-89.6655,47.976],[-89.6565,48.008],[-89.713,48.0035],[-89.7635,48.0175],[-89.8035,48.014],[-89.9025,47.986],[-89.9805,48.01],[-90.008,48.0295],[-90.0735,48.101],[-90.1205,48.1155],[-90.1785,48.1165],[-90.5315,48.0845],[-90.587,48.105],[-90.7015,48.0845],[-90.7505,48.084],[-90.7865,48.1005],[-90.8125,48.161],[-90.843,48.177],[-90.8405,48.22],[-90.874,48.2345],[-90.923,48.227],[-91.071,48.171],[-91.204,48.1075],[-91.2765,48.065],[-91.3655,48.058],[-91.428,48.0365],[-91.487,48.0535],[-91.575,48.048],[-91.581,48.081],[-91.6925,48.098],[-91.7165,48.112],[-91.6955,48.1375],[-91.765,48.1875],[-91.852,48.196],[-91.9575,48.2285],[-92.008,48.2625],[-92.0435,48.3345],[-92.0705,48.3465],[-92.1545,48.35],[-92.259,48.3395],[-92.303,48.311],[-92.291,48.2495],[-92.354,48.223],[-92.3845,48.2325],[-92.418,48.282],[-92.4625,48.3295],[-92.4675,48.3945],[-92.4905,48.433],[-92.527,48.4455],[-92.657,48.438],[-92.704,48.445],[-92.7105,48.483],[-92.6275,48.503],[-92.6485,48.5365],[-92.884,48.58],[-92.9795,48.6175],[-93.2575,48.6305],[-93.3855,48.615],[-93.4515,48.5975],[-93.46,48.5575],[-93.492,48.5425],[-93.5665,48.5385],[-93.757,48.5165],[-93.8095,48.5435],[-93.8355,48.617],[-93.875,48.636],[-94.232,48.652],[-94.2585,48.691],[-94.3115,48.714],[-94.4795,48.7005],[-94.519,48.7045],[-94.593,48.7265],[-94.689,48.779],[-94.711,48.8075],[-94.711,48.9145],[-94.792,49.1265],[-94.811,49.1665],[-94.806,49.211],[-94.8275,49.293],[-94.856,49.3185],[-94.926,49.3455],[-94.9825,49.356],[-95.103,49.354],[-95.1605,49.3695],[-95.1595,49.012],[-95.177,48.9925],[-95.8365,48.9925],[-96.276,48.9925],[-96.716,48.9925],[-97.375,48.9925],[-97.815,48.9925],[-98.474,48.9925],[-99.1335,48.9925],[-99.793,48.9925],[-100.2325,48.9925],[-100.6725,48.9925],[-101.3315,48.9925],[-101.991,48.9925],[-102.4305,48.9925],[-102.8705,48.9925],[-103.53,48.9925],[-104.189,48.9925],[-104.629,48.9925],[-105.0575,48.9925],[-105.508,48.9925],[-105.9475,48.9925],[-106.607,48.9925],[-107.2665,48.9925],[-107.706,48.9925],[-108.146,48.9925],[-108.5855,48.9925],[-109.025,48.9925],[-109.4645,48.9925],[-110.124,48.9925],[-110.5635,48.9925],[-111.0035,48.9925],[-111.443,48.9925],[-111.8825,48.9925],[-112.322,48.9925],[-112.9815,48.9925],[-113.641,48.9925],[-114.0805,48.9925],[-114.5205,48.9925],[-115.1795,48.9925],[-115.6195,48.9925],[-116.059,48.9925],[-116.4985,48.9925],[-116.938,48.9925],[-117.378,48.9925],[-117.8175,48.9925],[-118.257,48.9925],[-118.6965,48.9925],[-119.136,48.9925],[-119.576,48.9925],[-120.2355,48.9925],[-120.675,48.9925],[-121.1145,48.9925],[-121.554,48.9925],[-122.2135,48.9925],[-122.753,48.9925]]],[[[-73.9335,40.797],[-73.939,40.854],[-74.003,40.756],[-74.017,40.6995],[-73.976,40.714],[-73.972,40.7405],[-73.9335,40.797]]],[[[-71.315,41.581],[-71.3035,41.6265],[-71.336,41.6265],[-71.337,41.5925],[-71.315,41.581]]],[[[-69.664,43.789],[-69.647,43.8375],[-69.689,43.828],[-69.664,43.789]]],[[[-69.6695,43.956],[-69.694,43.9455],[-69.7305,43.8905],[-69.7005,43.87],[-69.6695,43.956]]],[[[-68.607,44.0885],[-68.651,44.065],[-68.6625,44.0195],[-68.608,44.0235],[-68.599,44.047],[-68.607,44.0885]]],[[[-68.811,44.1485],[-68.8205,44.1785],[-68.857,44.181],[-68.9285,44.142],[-68.8635,44.12],[-68.811,44.1485]]],[[[-68.3905,44.163],[-68.4165,44.1825],[-68.5065,44.16],[-68.4895,44.1405],[-68.4545,44.151],[-68.4325,44.129],[-68.4035,44.134],[-68.3905,44.163]]],[[[-68.9205,44.237],[-68.8855,44.2995],[-68.9245,44.3075],[-68.9335,44.2435],[-68.9205,44.237]]],[[[-68.8685,44.3815],[-68.9115,44.366],[-68.9035,44.319],[-68.8595,44.358],[-68.8685,44.3815]]],[[[-67.5665,44.461],[-67.582,44.5145],[-67.616,44.5055],[-67.5845,44.444],[-67.5665,44.461]]],[[[-67.045,44.927],[-67.012,44.8995],[-66.986,44.91],[-67.0295,44.9445],[-67.045,44.927]]],[[[-81.7055,24.598],[-81.7115,24.57],[-81.65,24.576],[-81.657,24.598],[-81.7055,24.598]]],[[[-81.506,24.639],[-81.527,24.6245],[-81.5545,24.6315],[-81.5955,24.604],[-81.617,24.6055],[-81.6365,24.5835],[-81.531,24.615],[-81.506,24.639]]],[[[-81.0875,24.686],[-81.0615,24.7315],[-81.1155,24.7155],[-81.0875,24.686]]],[[[-81.4305,24.755],[-81.364,24.661],[-81.3555,24.686],[-81.3875,24.7275],[-81.4305,24.755]]],[[[-80.8005,24.8435],[-80.845,24.8145],[-80.802,24.81],[-80.8005,24.8435]]],[[[-80.3205,25.2485],[-80.2915,25.2825],[-80.2725,25.3235],[-80.2905,25.343],[-80.3175,25.307],[-80.3625,25.292],[-80.348,25.2485],[-80.3575,25.2275],[-80.3945,25.191],[-80.443,25.0865],[-80.3615,25.1595],[-80.366,25.181],[-80.3205,25.2485]]],[[[-80.163,25.673],[-80.156,25.735],[-80.1835,25.714],[-80.163,25.673]]],[[[-82.129,26.461],[-82.164,26.4545],[-82.1035,26.4225],[-82.071,26.4245],[-82.077,26.456],[-82.129,26.461]]],[[[-82.1365,26.5845],[-82.1085,26.5165],[-82.081,26.509],[-82.088,26.5605],[-82.123,26.6185],[-82.1135,26.6545],[-82.144,26.6945],[-82.1775,26.7015],[-82.1325,26.61],[-82.1365,26.5845]]],[[[-97.1985,26.276],[-97.225,26.399],[-97.2385,26.446],[-97.343,26.7565],[-97.3765,26.9315],[-97.384,27.188],[-97.405,27.125],[-97.397,27.1075],[-97.405,27.051],[-97.394,26.9945],[-97.3855,26.9005],[-97.3975,26.831],[-97.357,26.7715],[-97.37,26.756],[-97.3635,26.721],[-97.338,26.654],[-97.313,26.607],[-97.3015,26.5505],[-97.2605,26.468],[-97.249,26.391],[-97.213,26.2925],[-97.1885,26.1495],[-97.1705,26.1795],[-97.1985,26.276]]],[[[-97.0755,27.8145],[-97.151,27.74],[-97.2055,27.633],[-97.2305,27.651],[-97.3125,27.478],[-97.339,27.409],[-97.3705,27.3485],[-97.39,27.2455],[-97.3515,27.235],[-97.3465,27.274],[-97.3205,27.3575],[-97.2595,27.496],[-97.178,27.653],[-97.055,27.825],[-97.0755,27.8145]]],[[[-80.389,27.7185],[-80.373,27.6565],[-80.348,27.6125],[-80.307,27.4615],[-80.2895,27.412],[-80.269,27.3825],[-80.208,27.263],[-80.1975,27.224],[-80.167,27.197],[-80.3375,27.6065],[-80.347,27.664],[-80.3615,27.701],[-80.389,27.7185]]],[[[-96.88,28.13],[-96.914,28.099],[-96.9725,28.01],[-96.964,27.9765],[-97.03,27.9005],[-96.979,27.928],[-96.938,27.983],[-96.85,28.071],[-96.8455,28.121],[-96.88,28.13]]],[[[-96.4275,28.3935],[-96.431,28.36],[-96.4555,28.336],[-96.515,28.337],[-96.5485,28.3115],[-96.595,28.2925],[-96.6545,28.257],[-96.664,28.2395],[-96.7105,28.2135],[-96.808,28.1875],[-96.8015,28.134],[-96.781,28.1265],[-96.7025,28.1855],[-96.6085,28.2295],[-96.5225,28.2895],[-96.4895,28.297],[-96.417,28.329],[-96.404,28.387],[-96.4275,28.3935]]],[[[-96.3695,28.407],[-96.35,28.409],[-96.308,28.4415],[-96.313,28.4585],[-96.3695,28.407]]],[[[-80.6775,28.579],[-80.74,28.5175],[-80.7285,28.469],[-80.7195,28.3885],[-80.67,28.2875],[-80.664,28.315],[-80.658,28.4375],[-80.6495,28.475],[-80.6185,28.5375],[-80.612,28.569],[-80.629,28.599],[-80.6775,28.579]]],[[[-94.8145,29.353],[-94.828,29.3175],[-94.862,29.305],[-94.875,29.2845],[-94.917,29.2555],[-94.943,29.223],[-95.0815,29.136],[-95.076,29.114],[-94.947,29.194],[-94.8915,29.225],[-94.7245,29.333],[-94.8145,29.353]]],[[[-91.802,29.49],[-91.781,29.4935],[-91.773,29.531],[-91.723,29.559],[-91.72,29.5815],[-91.7885,29.5925],[-91.8615,29.637],[-91.9295,29.647],[-91.949,29.6275],[-92.0125,29.6135],[-92.0355,29.596],[-92.0205,29.569],[-91.9185,29.53],[-91.8405,29.484],[-91.802,29.49]]],[[[-85.142,29.641],[-85.1085,29.634],[-85.086,29.6855],[-85.1385,29.6955],[-85.172,29.669],[-85.142,29.641]]],[[[-84.7375,29.7365],[-84.7745,29.71],[-84.9875,29.6205],[-84.9695,29.612],[-84.888,29.658],[-84.788,29.6955],[-84.7375,29.7365]]],[[[-89.455,29.7915],[-89.4755,29.8055],[-89.494,29.779],[-89.4765,29.7435],[-89.455,29.7915]]],[[[-89.1885,30.0795],[-89.25,30.102],[-89.32,30.071],[-89.2765,30.0585],[-89.253,30.0705],[-89.229,30.036],[-89.192,30.049],[-89.1885,30.0795]]],[[[-89.058,30.258],[-89.077,30.241],[-89.1215,30.231],[-89.0845,30.196],[-89.058,30.258]]],[[[-88.643,30.2405],[-88.665,30.2525],[-88.7315,30.257],[-88.7565,30.244],[-88.5565,30.2165],[-88.5595,30.231],[-88.621,30.2315],[-88.643,30.2405]]],[[[-88.071,30.2505],[-88.109,30.276],[-88.1345,30.26],[-88.205,30.258],[-88.297,30.2445],[-88.091,30.2445],[-88.071,30.2505]]],[[[-86.694,30.408],[-86.8315,30.3935],[-86.8905,30.393],[-86.9515,30.374],[-87.023,30.3745],[-87.081,30.3565],[-87.197,30.34],[-87.241,30.326],[-86.902,30.3635],[-86.5625,30.401],[-86.659,30.416],[-86.694,30.408]]],[[[-81.4785,30.806],[-81.469,30.7295],[-81.451,30.7545],[-81.457,30.8],[-81.4415,30.8275],[-81.4195,30.9255],[-81.4325,30.939],[-81.482,30.9045],[-81.4925,30.874],[-81.4785,30.806]]],[[[-118.359,32.828],[-118.4835,32.9215],[-118.545,32.9855],[-118.577,33.0325],[-118.607,33.031],[-118.5755,32.969],[-118.5515,32.9455],[-118.547,32.919],[-118.5085,32.8765],[-118.499,32.8505],[-118.425,32.8025],[-118.359,32.828]]],[[[-119.4885,33.267],[-119.532,33.2865],[-119.5725,33.265],[-119.544,33.2315],[-119.473,33.2155],[-119.4345,33.2315],[-119.4885,33.267]]],[[[-118.5155,33.423],[-118.4865,33.416],[-118.4795,33.387],[-118.4895,33.3585],[-118.4635,33.3235],[-118.4225,33.3165],[-118.375,33.3195],[-118.326,33.2985],[-118.3045,33.309],[-118.3085,33.3365],[-118.355,33.3775],[-118.369,33.4085],[-118.445,33.4285],[-118.5175,33.46],[-118.536,33.4775],[-118.604,33.4765],[-118.573,33.438],[-118.5155,33.423]]],[[[-77.97,33.8895],[-78.01,33.892],[-78.0125,33.8655],[-77.97,33.848],[-77.97,33.8895]]],[[[-120.044,34.0375],[-120.0965,34.018],[-120.1455,34.0245],[-120.171,34.0075],[-120.2175,34.0105],[-120.2485,34.001],[-120.21,33.9725],[-120.1755,33.922],[-120.11,33.893],[-120.1015,33.907],[-120.0495,33.915],[-119.9995,33.9415],[-119.969,33.941],[-119.9805,33.9835],[-120.034,33.9895],[-120.05,34.0155],[-120.044,34.0375]]],[[[-120.3445,34.0465],[-120.362,34.0715],[-120.4035,34.0515],[-120.415,34.0325],[-120.3605,34.015],[-120.3085,34.018],[-120.3445,34.0465]]],[[[-119.5295,34.025],[-119.565,34.0555],[-119.61,34.0395],[-119.633,34.0135],[-119.6855,34.02],[-119.712,34.0425],[-119.7595,34.056],[-119.807,34.052],[-119.8565,34.0705],[-119.9045,34.0745],[-119.919,34.0575],[-119.877,34.0325],[-119.887,34.009],[-119.874,33.98],[-119.851,33.9675],[-119.759,33.9575],[-119.7195,33.959],[-119.6575,33.986],[-119.5595,33.9945],[-119.5295,34.025]]],[[[-76.8975,34.698],[-77.0545,34.675],[-77.1,34.65],[-76.8975,34.698]]],[[[-76.2565,34.9135],[-76.3045,34.883],[-76.408,34.7945],[-76.525,34.638],[-76.5195,34.616],[-76.396,34.7875],[-76.3405,34.8385],[-76.3,34.8585],[-76.2495,34.903],[-76.2565,34.9135]]],[[[-76.078,35.0715],[-76.1065,35.0305],[-76.037,35.0615],[-76.078,35.0715]]],[[[-75.476,35.6955],[-75.4995,35.7675],[-75.526,35.7755],[-75.476,35.63],[-75.4685,35.565],[-75.4855,35.532],[-75.482,35.479],[-75.499,35.383],[-75.517,35.3215],[-75.5165,35.291],[-75.543,35.273],[-75.6125,35.2525],[-75.6755,35.226],[-75.704,35.196],[-75.5855,35.2335],[-75.544,35.2335],[-75.5155,35.26],[-75.491,35.3365],[-75.4705,35.505],[-75.452,35.5825],[-75.455,35.623],[-75.476,35.6955]]],[[[-75.7155,35.925],[-75.6785,35.887],[-75.6595,35.836],[-75.6255,35.83],[-75.6125,35.8635],[-75.661,35.925],[-75.704,35.9455],[-75.7155,35.925]]],[[[-75.622,37.571],[-75.6745,37.486],[-75.6595,37.483],[-75.602,37.5625],[-75.622,37.571]]],[[[-76.0055,38.0265],[-76.0515,37.994],[-76.0435,37.949],[-75.9955,37.945],[-75.9815,37.993],[-76.0055,38.0265]]],[[[-76.033,38.1485],[-76.024,38.1785],[-76.0485,38.2005],[-76.079,38.183],[-76.0835,38.1605],[-76.033,38.1485]]],[[[-75.1535,38.207],[-75.1795,38.168],[-75.2,38.104],[-75.2545,38.031],[-75.305,37.9735],[-75.3135,37.919],[-75.229,38.0475],[-75.1895,38.09],[-75.171,38.1485],[-75.1385,38.219],[-75.1025,38.273],[-75.1145,38.28],[-75.1535,38.207]]],[[[-74.359,39.447],[-74.3865,39.4065],[-74.359,39.4015],[-74.331,39.426],[-74.359,39.447]]],[[[-74.133,39.7145],[-74.16,39.6855],[-74.24,39.5755],[-74.2565,39.522],[-74.148,39.666],[-74.133,39.7145]]],[[[-73.256,40.639],[-73.2695,40.6495],[-73.3395,40.6445],[-73.5665,40.5905],[-73.574,40.575],[-73.3895,40.617],[-73.3205,40.635],[-73.256,40.639]]],[[[-74.126,40.6335],[-74.171,40.6435],[-74.192,40.6285],[-74.207,40.5605],[-74.2415,40.539],[-74.243,40.4995],[-74.1925,40.5115],[-74.102,40.5545],[-74.0535,40.6025],[-74.0835,40.6495],[-74.126,40.6335]]],[[[-71.919,41.065],[-71.958,41.0695],[-72.05,41.0175],[-72.109,41.0015],[-72.1555,41.055],[-72.214,41.04],[-72.2335,41.044],[-72.27,41.0025],[-72.321,41.006],[-72.367,40.9945],[-72.408,40.9505],[-72.441,40.943],[-72.457,40.9105],[-72.5015,40.8975],[-72.5635,40.9125],[-72.58,40.933],[-72.543,40.9565],[-72.5205,40.985],[-72.4335,40.993],[-72.431,41.0305],[-72.3905,41.0315],[-72.4125,41.065],[-72.3435,41.114],[-72.3045,41.132],[-72.2895,41.1135],[-72.2415,41.147],[-72.2895,41.161],[-72.3435,41.1405],[-72.413,41.09],[-72.445,41.086],[-72.4715,41.056],[-72.606,40.99],[-72.696,40.981],[-72.781,40.965],[-72.83,40.969],[-72.9005,40.9635],[-73.009,40.967],[-73.0485,40.963],[-73.113,40.9735],[-73.1785,40.919],[-73.2245,40.9085],[-73.293,40.9245],[-73.3605,40.925],[-73.3585,40.9005],[-73.4205,40.9005],[-73.4315,40.9335],[-73.4855,40.9455],[-73.494,40.927],[-73.469,40.9015],[-73.48,40.877],[-73.535,40.8785],[-73.5205,40.9175],[-73.6325,40.8995],[-73.6745,40.857],[-73.72,40.866],[-73.7645,40.81],[-73.823,40.7975],[-73.861,40.7765],[-73.9085,40.7885],[-73.957,40.743],[-73.9695,40.7085],[-73.9975,40.696],[-74.036,40.639],[-74.03,40.6055],[-73.988,40.5695],[-73.9265,40.5835],[-73.878,40.582],[-73.893,40.6145],[-73.869,40.64],[-73.8295,40.649],[-73.769,40.6185],[-73.79,40.6005],[-73.9395,40.5555],[-73.9395,40.542],[-73.8125,40.5835],[-73.768,40.5895],[-73.7075,40.583],[-73.696,40.6215],[-73.668,40.626],[-73.653,40.6015],[-73.561,40.638],[-73.372,40.6625],[-73.3175,40.6835],[-73.275,40.687],[-73.2335,40.7145],[-73.158,40.6995],[-73.1405,40.726],[-73.099,40.7205],[-73.0335,40.7315],[-73.012,40.7495],[-72.947,40.742],[-72.8895,40.7655],[-72.853,40.7495],[-72.8135,40.7815],[-72.765,40.783],[-72.727,40.808],[-72.6785,40.791],[-72.6055,40.8015],[-72.542,40.8205],[-72.491,40.847],[-72.5005,40.876],[-72.459,40.8855],[-72.4485,40.868],[-72.4065,40.862],[-72.087,40.9835],[-72.009,41.0075],[-71.9295,41.038],[-71.885,41.0455],[-71.8575,41.0715],[-71.9035,41.0845],[-71.919,41.065]]],[[[-71.5595,41.201],[-71.5825,41.204],[-71.608,41.1805],[-71.5995,41.146],[-71.549,41.152],[-71.5595,41.201]]],[[[-71.9985,41.2515],[-71.954,41.2865],[-72.022,41.277],[-71.9985,41.2515]]],[[[-70.054,41.3925],[-70.0325,41.3395],[-70.046,41.3075],[-70.098,41.2905],[-70.241,41.301],[-70.2565,41.293],[-70.1375,41.247],[-70.001,41.2395],[-69.967,41.2495],[-69.958,41.2755],[-70.029,41.386],[-70.054,41.3925]]],[[[-70.5005,41.3935],[-70.4655,41.3605],[-70.4465,41.3675],[-70.4555,41.4295],[-70.5005,41.3935]]],[[[-70.5765,41.428],[-70.5465,41.4445],[-70.556,41.4685],[-70.605,41.474],[-70.66,41.4565],[-70.7155,41.4205],[-70.7545,41.3725],[-70.782,41.354],[-70.846,41.354],[-70.8045,41.3125],[-70.776,41.3045],[-70.724,41.3425],[-70.666,41.357],[-70.5075,41.3625],[-70.5175,41.4135],[-70.5765,41.428]]],[[[-71.358,41.558],[-71.3955,41.5265],[-71.401,41.4685],[-71.3715,41.4825],[-71.358,41.558]]],[[[-69.973,41.6535],[-70.0215,41.5505],[-70.002,41.554],[-69.9595,41.6325],[-69.973,41.6535]]],[[[-71.2855,41.5815],[-71.309,41.568],[-71.3225,41.5305],[-71.303,41.4665],[-71.265,41.496],[-71.238,41.5005],[-71.2325,41.606],[-71.2205,41.6605],[-71.258,41.6405],[-71.2855,41.5815]]],[[[-123.974,46.493],[-123.998,46.4535],[-123.9455,46.4175],[-123.948,46.464],[-123.974,46.493]]],[[[-122.435,47.4255],[-122.4415,47.4665],[-122.471,47.496],[-122.51,47.456],[-122.5175,47.3805],[-122.5315,47.357],[-122.5105,47.332],[-122.469,47.3365],[-122.418,47.371],[-122.3745,47.383],[-122.435,47.4255]]],[[[-122.497,47.607],[-122.49,47.6415],[-122.511,47.696],[-122.558,47.714],[-122.579,47.6695],[-122.5675,47.6295],[-122.578,47.6015],[-122.5425,47.5955],[-122.521,47.574],[-122.4805,47.587],[-122.497,47.607]]],[[[-122.7295,48.0965],[-122.741,48.0745],[-122.731,48.0425],[-122.7,48.008],[-122.673,48.0235],[-122.701,48.0975],[-122.7295,48.0965]]],[[[-122.3595,47.9765],[-122.381,48.016],[-122.46,48.0535],[-122.514,48.091],[-122.523,48.057],[-122.51,48.035],[-122.5465,48.017],[-122.5585,48.1215],[-122.5805,48.1885],[-122.5955,48.2055],[-122.665,48.2265],[-122.594,48.308],[-122.562,48.286],[-122.5175,48.294],[-122.516,48.322],[-122.5775,48.3565],[-122.596,48.402],[-122.6685,48.363],[-122.751,48.25],[-122.744,48.206],[-122.693,48.18],[-122.6685,48.1505],[-122.623,48.1635],[-122.6,48.13],[-122.615,48.075],[-122.5935,48.0255],[-122.562,47.9875],[-122.5305,47.9675],[-122.4885,47.985],[-122.4605,47.978],[-122.4415,47.9155],[-122.382,47.908],[-122.347,47.9505],[-122.3595,47.9765]]],[[[-122.862,48.4895],[-122.8605,48.5395],[-122.9105,48.547],[-122.9105,48.5135],[-122.937,48.493],[-122.9375,48.4585],[-122.8835,48.4415],[-122.89,48.424],[-122.8275,48.4175],[-122.806,48.442],[-122.821,48.4725],[-122.862,48.4895]]],[[[-122.6935,48.586],[-122.737,48.577],[-122.723,48.548],[-122.694,48.5435],[-122.6745,48.569],[-122.6935,48.586]]],[[[-123.02,48.4995],[-122.9775,48.5315],[-123.058,48.573],[-123.129,48.62],[-123.1775,48.599],[-123.1545,48.513],[-123.1165,48.484],[-123.0705,48.48],[-123.03,48.454],[-122.999,48.4725],[-123.02,48.4995]]],[[[-122.746,48.6645],[-122.858,48.7085],[-122.9295,48.7085],[-123.0265,48.6365],[-122.9515,48.6235],[-122.9335,48.593],[-122.862,48.6015],[-122.9105,48.6575],[-122.9105,48.688],[-122.887,48.6965],[-122.8415,48.621],[-122.8005,48.6295],[-122.746,48.6645]]],[[[-122.6215,48.6685],[-122.6985,48.7345],[-122.7205,48.725],[-122.662,48.6705],[-122.6215,48.6685]]],[[[-68.848,44.0955],[-68.884,44.114],[-68.91,44.0955],[-68.868,44.0795],[-68.8695,44.0485],[-68.8155,44.032],[-68.7745,44.062],[-68.773,44.082],[-68.848,44.0955]]],[[[-68.642,44.26],[-68.6905,44.26],[-68.6905,44.219],[-68.7165,44.1675],[-68.682,44.1525],[-68.623,44.1715],[-68.6565,44.199],[-68.6085,44.213],[-68.642,44.26]]],[[[-68.245,44.4245],[-68.274,44.4395],[-68.355,44.4235],[-68.3675,44.3865],[-68.4015,44.372],[-68.435,44.3],[-68.414,44.2585],[-68.348,44.24],[-68.326,44.226],[-68.2965,44.25],[-68.32,44.285],[-68.241,44.2945],[-68.1765,44.3285],[-68.1855,44.357],[-68.242,44.405],[-68.245,44.4245]]],[[[-122.7055,47.182],[-122.742,47.1435],[-122.707,47.124],[-122.677,47.1395],[-122.6755,47.1765],[-122.7055,47.182]]],[[[-122.868,47.2685],[-122.912,47.2695],[-122.922,47.2285],[-122.891,47.2005],[-122.8485,47.1935],[-122.868,47.2685]]],[[[-81.3805,25.821],[-81.4295,25.851],[-81.425,25.8115],[-81.403,25.7935],[-81.3805,25.821]]],[[[-81.676,25.9015],[-81.7085,25.8985],[-81.696,25.866],[-81.66,25.8865],[-81.676,25.9015]]],[[[-89.995,29.4565],[-90.0205,29.4865],[-90.082,29.5115],[-90.119,29.496],[-90.092,29.4735],[-90.064,29.4785],[-89.995,29.4565]]],[[[-81.2515,31.5045],[-81.3005,31.4115],[-81.2615,31.388],[-81.2355,31.434],[-81.2135,31.4535],[-81.1745,31.5215],[-81.203,31.5345],[-81.235,31.5265],[-81.2515,31.5045]]],[[[-81.1605,31.67],[-81.1795,31.636],[-81.161,31.5675],[-81.128,31.6285],[-81.1315,31.693],[-81.1605,31.67]]],[[[-75.904,37.129],[-75.8865,37.123],[-75.8495,37.1635],[-75.8575,37.194],[-75.883,37.2185],[-75.854,37.261],[-75.8895,37.2805],[-75.9055,37.2345],[-75.906,37.1945],[-75.893,37.1405],[-75.904,37.129]]],[[[-72.3415,41.0905],[-72.3725,41.0685],[-72.359,41.046],[-72.3175,41.049],[-72.2865,41.034],[-72.2805,41.079],[-72.3415,41.0905]]],[[[-123.417,46.205],[-123.423,46.188],[-123.377,46.156],[-123.3245,46.1545],[-123.417,46.205]]],[[[-88.636,48.0345],[-88.591,48.064],[-88.5985,48.095],[-88.5755,48.116],[-88.4755,48.1635],[-88.497,48.179],[-88.55,48.1625],[-88.6325,48.15],[-88.7085,48.1085],[-88.7405,48.1005],[-88.833,48.0605],[-88.983,48.016],[-89.1235,47.9645],[-89.2155,47.917],[-89.202,47.8895],[-89.2155,47.866],[-89.1825,47.838],[-89.1375,47.835],[-88.9665,47.891],[-89.003,47.9035],[-88.948,47.938],[-88.6875,48.0125],[-88.636,48.0345]]],[[[-90.531,46.95],[-90.5465,46.967],[-90.6355,46.9495],[-90.656,46.921],[-90.5665,46.918],[-90.531,46.95]]],[[[-90.4095,47.0735],[-90.46,47.0635],[-90.4755,47.002],[-90.4105,47.0335],[-90.4095,47.0735]]],[[[-90.771,46.944],[-90.73,46.9165],[-90.7005,46.931],[-90.7165,46.9575],[-90.7505,46.972],[-90.771,46.944]]],[[[-90.5855,46.849],[-90.6,46.8755],[-90.6775,46.853],[-90.701,46.8325],[-90.777,46.8005],[-90.797,46.7795],[-90.7815,46.757],[-90.737,46.78],[-90.682,46.79],[-90.676,46.8205],[-90.652,46.8345],[-90.5855,46.849]]],[[[-87.715,47.417],[-87.7475,47.4545],[-87.8195,47.484],[-88.0525,47.4845],[-88.137,47.4735],[-88.2095,47.4535],[-88.2495,47.4295],[-88.291,47.434],[-88.3175,47.417],[-88.431,47.3725],[-88.5265,47.283],[-88.6055,47.239],[-88.619,47.1525],[-88.606,47.14],[-88.516,47.136],[-88.4825,47.1085],[-88.4375,47.115],[-88.4235,47.1435],[-88.4525,47.1585],[-88.405,47.181],[-88.4235,47.1105],[-88.462,47.088],[-88.4805,47.0545],[-88.424,46.9925],[-88.376,47.0365],[-88.336,47.1005],[-88.298,47.1135],[-88.2845,47.1405],[-88.235,47.1495],[-88.242,47.188],[-88.215,47.218],[-88.176,47.2215],[-88.1225,47.2625],[-88.0775,47.2795],[-88.0605,47.3035],[-88.011,47.3195],[-87.949,47.355],[-88.0175,47.3955],[-87.954,47.3965],[-87.8995,47.4085],[-87.816,47.3985],[-87.7735,47.4],[-87.715,47.417]]],[[[-86.604,46.473],[-86.602,46.4965],[-86.639,46.507],[-86.618,46.533],[-86.6455,46.5665],[-86.699,46.554],[-86.6975,46.523],[-86.676,46.475],[-86.604,46.473]]],[[[-85.4475,45.802],[-85.501,45.834],[-85.506,45.805],[-85.4475,45.802]]],[[[-85.488,45.6355],[-85.501,45.6935],[-85.505,45.7525],[-85.5555,45.7785],[-85.558,45.7475],[-85.5945,45.6945],[-85.625,45.615],[-85.573,45.5915],[-85.504,45.6145],[-85.488,45.6355]]],[[[-86.995,45.224],[-86.983,45.292],[-87.046,45.2925],[-87.1115,45.265],[-87.139,45.197],[-87.1875,45.168],[-87.235,45.1755],[-87.2665,45.131],[-87.2895,45.073],[-87.3685,45.0005],[-87.393,44.965],[-87.4065,44.9225],[-87.399,44.8825],[-87.374,44.845],[-87.3375,44.8205],[-87.2965,44.8205],[-87.2315,44.8785],[-87.205,44.922],[-87.184,44.9865],[-87.1225,45.0695],[-87.0875,45.066],[-87.0775,45.101],[-87.0495,45.1145],[-87.088,45.1425],[-87.055,45.1725],[-87.033,45.242],[-86.995,45.224]]],[[[-85.9745,45.0875],[-85.9745,45.1345],[-86.022,45.169],[-86.063,45.142],[-86.0295,45.09],[-86.004,45.074],[-85.9745,45.0875]]],[[[-86.854,45.387],[-86.8645,45.416],[-86.9205,45.4095],[-86.9525,45.423],[-86.9645,45.343],[-86.872,45.3545],[-86.854,45.387]]],[[[-86.091,45.032],[-86.1295,45.055],[-86.15,45.025],[-86.1235,45.0015],[-86.091,45.032]]],[[[-83.4825,45.994],[-83.4985,46.017],[-83.5455,46.0295],[-83.562,46.076],[-83.624,46.108],[-83.6875,46.1105],[-83.6785,46.077],[-83.6955,46.0455],[-83.778,46.021],[-83.805,45.998],[-83.866,46.0265],[-83.856,45.99],[-83.8325,45.9685],[-83.781,45.9505],[-83.7115,45.9375],[-83.6575,45.955],[-83.6165,45.9365],[-83.563,45.928],[-83.517,45.94],[-83.4825,45.994]]],[[[-84.384,45.958],[-84.3425,45.957],[-84.384,45.9975],[-84.432,45.9915],[-84.425,45.9705],[-84.384,45.958]]],[[[-84.367,45.7745],[-84.42,45.8265],[-84.432,45.8],[-84.466,45.811],[-84.559,45.824],[-84.5825,45.8135],[-84.488,45.744],[-84.414,45.7335],[-84.3855,45.7465],[-84.367,45.7745]]],[[[-76.216,44.0315],[-76.256,44.0315],[-76.2805,44.0085],[-76.2415,43.997],[-76.216,44.0315]]],[[[-78.9815,42.979],[-78.9645,42.9765],[-78.9125,43.037],[-78.9175,43.0585],[-78.959,43.071],[-79.0115,43.0655],[-79.022,43.0105],[-78.9815,42.979]]],[[[-76.1585,44.285],[-76.1265,44.2685],[-76.065,44.2995],[-76.072,44.313],[-76.144,44.2995],[-76.1585,44.285]]],[[[-76.0515,44.34],[-76.0215,44.3005],[-75.9335,44.353],[-75.973,44.369],[-75.996,44.34],[-76.0515,44.34]]],[[[-84.1135,46.2485],[-84.1215,46.297],[-84.1585,46.3335],[-84.192,46.3255],[-84.199,46.2935],[-84.142,46.2375],[-84.1135,46.2485]]]]},"properties":{"iso":"USA"}}]}